Time(s),RA(V),LA(V),LL(V),RL(V),V1(V),V2(V),V3(V),V4(V),V5(V),V6(V)
0.0000,1.708000,1.589000,1.653000,1.650000,1.581000,1.619000,1.650000,1.624000,1.611000,1.571000
0.0100,1.705667,1.589667,1.654667,1.650000,1.586000,1.614000,1.647000,1.619000,1.616000,1.576000
0.0200,1.704667,1.584667,1.660667,1.650000,1.592000,1.616000,1.640000,1.622000,1.621000,1.581000
0.0300,1.701667,1.584667,1.663667,1.650000,1.600000,1.620000,1.635000,1.627000,1.628000,1.586000
0.0400,1.694667,1.591667,1.663667,1.650000,1.605000,1.623000,1.630000,1.631000,1.632000,1.592000
0.0500,1.690667,1.593667,1.665667,1.650000,1.614000,1.625000,1.641000,1.636000,1.638000,1.598000
0.0600,1.694333,1.575333,1.680333,1.650000,1.621000,1.638000,1.655000,1.642000,1.643000,1.602000
0.0700,1.679333,1.583333,1.687333,1.650000,1.627000,1.653000,1.668000,1.652000,1.649000,1.609000
0.0800,1.651333,1.603333,1.695333,1.650000,1.635000,1.668000,1.671000,1.659000,1.655000,1.612000
0.0900,1.647333,1.610333,1.692333,1.650000,1.600000,1.659000,1.668000,1.672000,1.659000,1.617000
0.1000,1.649333,1.617333,1.683333,1.650000,1.575000,1.657000,1.692000,1.692000,1.678000,1.621000
0.1100,1.624667,1.622667,1.702667,1.650000,1.586000,1.672000,1.698000,1.695000,1.691000,1.625000
0.1200,1.638333,1.621333,1.690333,1.650000,1.585000,1.657000,1.689000,1.696000,1.691000,1.636000
0.1300,1.697667,1.582667,1.669667,1.650000,1.591000,1.639000,1.668000,1.665000,1.660000,1.592000
0.1400,1.723000,1.567000,1.660000,1.650000,1.595000,1.610000,1.628000,1.623000,1.619000,1.554000
0.1500,1.723000,1.570000,1.657000,1.650000,1.592000,1.613000,1.617000,1.620000,1.614000,1.564000
0.1600,1.717000,1.574000,1.659000,1.650000,1.591000,1.612000,1.613000,1.616000,1.611000,1.564000
0.1700,1.710333,1.601333,1.638333,1.650000,1.585000,1.622000,1.617000,1.614000,1.605000,1.566000
0.1800,1.719333,1.566333,1.664333,1.650000,1.587000,1.623000,1.615000,1.623000,1.605000,1.575000
0.1900,1.731333,1.553333,1.665333,1.650000,1.614000,1.633000,1.609000,1.616000,1.593000,1.556000
0.2000,1.714000,1.562000,1.674000,1.650000,1.698000,1.807000,1.705000,1.651000,1.614000,1.545000
0.2100,1.583667,1.626667,1.739667,1.650000,1.681000,2.014000,2.047000,1.959000,1.853000,1.700000
0.2200,1.379000,1.848000,1.723000,1.650000,1.360000,1.726000,2.136000,2.189000,2.144000,1.963000
0.2300,1.444000,1.815000,1.691000,1.650000,1.014000,0.697000,1.474000,1.782000,2.019000,2.032000
0.2400,1.648333,1.646333,1.655333,1.650000,0.978000,0.311000,1.044000,1.373000,1.734000,1.898000
0.2500,1.703000,1.625000,1.622000,1.650000,1.187000,0.897000,1.255000,1.415000,1.637000,1.751000
0.2600,1.713333,1.581333,1.655333,1.650000,1.451000,1.350000,1.483000,1.521000,1.587000,1.642000
0.2700,1.718333,1.586333,1.645333,1.650000,1.596000,1.572000,1.603000,1.570000,1.579000,1.587000
0.2800,1.726000,1.586000,1.638000,1.650000,1.624000,1.627000,1.638000,1.597000,1.589000,1.564000
0.2900,1.715000,1.577000,1.658000,1.650000,1.635000,1.662000,1.654000,1.613000,1.589000,1.558000
0.3000,1.741000,1.562000,1.647000,1.650000,1.639000,1.692000,1.657000,1.628000,1.597000,1.565000
0.3100,1.734000,1.554000,1.662000,1.650000,1.641000,1.688000,1.653000,1.634000,1.599000,1.565000
0.3200,1.706667,1.587667,1.655667,1.650000,1.646000,1.698000,1.656000,1.637000,1.607000,1.570000
0.3300,1.732000,1.574000,1.644000,1.650000,1.649000,1.697000,1.661000,1.640000,1.611000,1.571000
0.3400,1.721667,1.583667,1.644667,1.650000,1.654000,1.708000,1.667000,1.642000,1.616000,1.574000
0.3500,1.714667,1.597667,1.637667,1.650000,1.667000,1.704000,1.649000,1.647000,1.626000,1.577000
0.3600,1.716667,1.583667,1.649667,1.650000,1.660000,1.720000,1.643000,1.631000,1.609000,1.563000
0.3700,1.714000,1.588000,1.648000,1.650000,1.655000,1.728000,1.649000,1.621000,1.595000,1.556000
0.3800,1.718000,1.569000,1.663000,1.650000,1.677000,1.723000,1.659000,1.632000,1.606000,1.565000
0.3900,1.721333,1.565333,1.663333,1.650000,1.685000,1.727000,1.667000,1.637000,1.610000,1.570000
0.4000,1.715000,1.576000,1.659000,1.650000,1.689000,1.750000,1.675000,1.645000,1.618000,1.578000
0.4100,1.703333,1.579333,1.667333,1.650000,1.685000,1.765000,1.678000,1.644000,1.623000,1.583000
0.4200,1.686000,1.613000,1.651000,1.650000,1.668000,1.768000,1.667000,1.647000,1.636000,1.593000
0.4300,1.679667,1.601667,1.668667,1.650000,1.689000,1.804000,1.699000,1.667000,1.662000,1.612000
0.4400,1.691333,1.568333,1.690333,1.650000,1.714000,1.826000,1.731000,1.686000,1.673000,1.624000
0.4500,1.695000,1.574000,1.681000,1.650000,1.709000,1.842000,1.732000,1.692000,1.678000,1.626000
0.4600,1.657000,1.595000,1.698000,1.650000,1.708000,1.884000,1.762000,1.730000,1.705000,1.649000
0.4700,1.630667,1.607667,1.711667,1.650000,1.704000,1.907000,1.792000,1.773000,1.749000,1.689000
0.4800,1.636667,1.612667,1.700667,1.650000,1.705000,1.914000,1.808000,1.785000,1.769000,1.709000
0.4900,1.601333,1.623333,1.725333,1.650000,1.713000,1.912000,1.828000,1.817000,1.807000,1.748000
0.5000,1.592667,1.613667,1.743667,1.650000,1.699000,1.895000,1.828000,1.826000,1.827000,1.764000
0.5100,1.600667,1.611667,1.737667,1.650000,1.678000,1.854000,1.817000,1.821000,1.810000,1.756000
0.5200,1.614000,1.605000,1.731000,1.650000,1.667000,1.805000,1.795000,1.803000,1.799000,1.753000
0.5300,1.640333,1.598333,1.711333,1.650000,1.654000,1.757000,1.758000,1.753000,1.755000,1.713000
0.5400,1.648000,1.600000,1.702000,1.650000,1.648000,1.718000,1.727000,1.728000,1.710000,1.671000
0.5500,1.660667,1.594667,1.694667,1.650000,1.641000,1.697000,1.699000,1.700000,1.679000,1.644000
0.5600,1.679000,1.591000,1.680000,1.650000,1.634000,1.663000,1.677000,1.663000,1.658000,1.624000
0.5700,1.716667,1.573667,1.659667,1.650000,1.627000,1.645000,1.667000,1.652000,1.644000,1.612000
0.5800,1.730000,1.561000,1.659000,1.650000,1.621000,1.642000,1.661000,1.646000,1.626000,1.599000
0.5900,1.725667,1.555667,1.668667,1.650000,1.624000,1.629000,1.654000,1.639000,1.625000,1.591000
0.6000,1.738333,1.548333,1.663333,1.650000,1.624000,1.629000,1.647000,1.632000,1.613000,1.590000
0.6100,1.735000,1.551000,1.664000,1.650000,1.628000,1.633000,1.643000,1.627000,1.603000,1.589000
0.6200,1.724000,1.559000,1.667000,1.650000,1.615000,1.614000,1.619000,1.612000,1.606000,1.585000
0.6300,1.741333,1.546333,1.662333,1.650000,1.606000,1.604000,1.608000,1.603000,1.607000,1.585000
0.6400,1.741000,1.553000,1.656000,1.650000,1.618000,1.613000,1.618000,1.606000,1.610000,1.585000
0.6500,1.734333,1.556333,1.659333,1.650000,1.624000,1.615000,1.620000,1.601000,1.611000,1.585000
0.6600,1.737333,1.551333,1.661333,1.650000,1.630000,1.620000,1.625000,1.600000,1.603000,1.585000
0.6700,1.726000,1.563000,1.661000,1.650000,1.635000,1.625000,1.630000,1.600000,1.595000,1.588000
0.6800,1.729667,1.560667,1.659667,1.650000,1.640000,1.629000,1.633000,1.606000,1.603000,1.593000
0.6900,1.708667,1.570667,1.670667,1.650000,1.648000,1.636000,1.636000,1.612000,1.609000,1.595000
0.7000,1.717667,1.558667,1.673667,1.650000,1.648000,1.639000,1.638000,1.616000,1.615000,1.600000
0.7100,1.737667,1.553667,1.658667,1.650000,1.636000,1.646000,1.642000,1.623000,1.624000,1.603000
0.7200,1.721000,1.578000,1.651000,1.650000,1.634000,1.651000,1.644000,1.627000,1.617000,1.607000
0.7300,1.730000,1.573000,1.647000,1.650000,1.641000,1.657000,1.647000,1.633000,1.608000,1.610000
0.7400,1.711000,1.585000,1.654000,1.650000,1.641000,1.669000,1.651000,1.635000,1.613000,1.610000
0.7500,1.715333,1.584333,1.650333,1.650000,1.647000,1.671000,1.656000,1.635000,1.615000,1.612000
0.7600,1.726000,1.571000,1.653000,1.650000,1.650000,1.669000,1.660000,1.635000,1.618000,1.615000
0.7700,1.714667,1.571667,1.663667,1.650000,1.631000,1.670000,1.641000,1.635000,1.621000,1.615000
0.7800,1.735333,1.565333,1.649333,1.650000,1.623000,1.670000,1.638000,1.634000,1.618000,1.611000
0.7900,1.723667,1.577667,1.648667,1.650000,1.626000,1.670000,1.651000,1.621000,1.623000,1.610000
0.8000,1.726667,1.569667,1.653667,1.650000,1.628000,1.666000,1.630000,1.621000,1.612000,1.610000
0.8100,1.742000,1.567000,1.641000,1.650000,1.631000,1.660000,1.619000,1.629000,1.594000,1.606000
0.8200,1.730333,1.589333,1.630333,1.650000,1.629000,1.655000,1.621000,1.631000,1.595000,1.604000
0.8300,1.738000,1.580000,1.632000,1.650000,1.625000,1.649000,1.619000,1.637000,1.596000,1.607000
0.8400,1.742000,1.568000,1.640000,1.650000,1.620000,1.644000,1.621000,1.640000,1.600000,1.609000
0.8500,1.738333,1.571333,1.640333,1.650000,1.616000,1.638000,1.619000,1.632000,1.600000,1.613000
0.8600,1.737000,1.569000,1.644000,1.650000,1.617000,1.634000,1.623000,1.617000,1.602000,1.615000
0.8700,1.735000,1.570000,1.645000,1.650000,1.621000,1.636000,1.626000,1.613000,1.606000,1.619000
0.8800,1.730667,1.572667,1.646667,1.650000,1.623000,1.639000,1.630000,1.615000,1.604000,1.620000
0.8900,1.726667,1.573667,1.649667,1.650000,1.626000,1.642000,1.633000,1.615000,1.609000,1.615000
0.9000,1.713333,1.594333,1.642333,1.650000,1.629000,1.644000,1.638000,1.615000,1.610000,1.615000
0.9100,1.708667,1.595667,1.645667,1.650000,1.630000,1.647000,1.640000,1.615000,1.610000,1.620000
0.9200,1.709667,1.591667,1.648667,1.650000,1.630000,1.640000,1.624000,1.615000,1.615000,1.622000
0.9300,1.704333,1.598333,1.647333,1.650000,1.630000,1.629000,1.619000,1.620000,1.615000,1.627000
0.9400,1.728667,1.579667,1.641667,1.650000,1.630000,1.634000,1.627000,1.620000,1.615000,1.630000
0.9500,1.729333,1.581333,1.639333,1.650000,1.630000,1.637000,1.630000,1.621000,1.615000,1.618000
0.9600,1.721333,1.589333,1.639333,1.650000,1.630000,1.641000,1.638000,1.626000,1.615000,1.618000
0.9700,1.715333,1.593333,1.641333,1.650000,1.633000,1.645000,1.643000,1.624000,1.617000,1.626000
0.9800,1.712667,1.582667,1.654667,1.650000,1.641000,1.647000,1.647000,1.629000,1.627000,1.632000
0.9900,1.711333,1.585333,1.653333,1.650000,1.649000,1.658000,1.655000,1.643000,1.635000,1.639000
1.0000,1.662667,1.611667,1.675667,1.650000,1.656000,1.667000,1.657000,1.657000,1.644000,1.647000
1.0100,1.668667,1.596667,1.684667,1.650000,1.666000,1.678000,1.669000,1.667000,1.652000,1.658000
1.0200,1.690333,1.592333,1.667333,1.650000,1.640000,1.679000,1.665000,1.662000,1.655000,1.667000
1.0300,1.677667,1.596667,1.675667,1.650000,1.612000,1.681000,1.677000,1.681000,1.674000,1.683000
1.0400,1.671667,1.611667,1.666667,1.650000,1.616000,1.674000,1.691000,1.688000,1.681000,1.683000
1.0500,1.686000,1.617000,1.647000,1.650000,1.618000,1.639000,1.655000,1.655000,1.653000,1.665000
1.0600,1.712333,1.606333,1.631333,1.650000,1.621000,1.626000,1.648000,1.624000,1.614000,1.655000
1.0700,1.724667,1.605667,1.619667,1.650000,1.624000,1.613000,1.644000,1.623000,1.610000,1.642000
1.0800,1.737333,1.589333,1.623333,1.650000,1.626000,1.607000,1.620000,1.617000,1.609000,1.631000
1.0900,1.728333,1.599333,1.622333,1.650000,1.609000,1.606000,1.596000,1.584000,1.586000,1.622000
1.1000,1.726000,1.600000,1.624000,1.650000,1.614000,1.617000,1.601000,1.586000,1.591000,1.628000
1.1100,1.737000,1.585000,1.628000,1.650000,1.630000,1.622000,1.619000,1.588000,1.597000,1.646000
1.1200,1.740333,1.609333,1.600333,1.650000,1.652000,1.681000,1.620000,1.588000,1.582000,1.610000
1.1300,1.701333,1.594333,1.654333,1.650000,1.740000,1.875000,1.771000,1.706000,1.657000,1.627000
1.1400,1.509667,1.717667,1.722667,1.650000,1.653000,2.029000,2.126000,2.065000,1.951000,1.844000
1.1500,1.375667,1.896667,1.677667,1.650000,1.283000,1.492000,1.977000,2.117000,2.146000,2.059000
1.1600,1.527333,1.778333,1.644333,1.650000,1.001000,0.469000,1.264000,1.604000,1.919000,2.055000
1.1700,1.682667,1.637667,1.629667,1.650000,1.060000,0.444000,1.075000,1.379000,1.688000,1.926000
1.1800,1.719667,1.602667,1.627667,1.650000,1.312000,1.071000,1.338000,1.471000,1.617000,1.786000
1.1900,1.719333,1.597333,1.633333,1.650000,1.530000,1.427000,1.519000,1.520000,1.570000,1.695000
1.2000,1.712333,1.604333,1.633333,1.650000,1.618000,1.619000,1.608000,1.579000,1.579000,1.670000
1.2100,1.734667,1.577667,1.637667,1.650000,1.639000,1.650000,1.623000,1.598000,1.581000,1.656000
1.2200,1.735333,1.580333,1.634333,1.650000,1.664000,1.674000,1.639000,1.609000,1.586000,1.651000
1.2300,1.724000,1.589000,1.637000,1.650000,1.675000,1.689000,1.639000,1.611000,1.591000,1.644000
1.2400,1.726333,1.588333,1.635333,1.650000,1.688000,1.689000,1.645000,1.616000,1.594000,1.637000
1.2500,1.728667,1.594667,1.626667,1.650000,1.691000,1.690000,1.650000,1.621000,1.601000,1.631000
1.2600,1.723000,1.602000,1.625000,1.650000,1.689000,1.695000,1.653000,1.619000,1.602000,1.629000
1.2700,1.733000,1.590000,1.627000,1.650000,1.692000,1.718000,1.656000,1.621000,1.607000,1.631000
1.2800,1.737333,1.574333,1.638333,1.650000,1.694000,1.713000,1.654000,1.619000,1.608000,1.629000
1.2900,1.719333,1.588333,1.642333,1.650000,1.695000,1.716000,1.661000,1.621000,1.612000,1.631000
1.3000,1.718333,1.596333,1.635333,1.650000,1.697000,1.714000,1.659000,1.619000,1.614000,1.629000
1.3100,1.726667,1.591667,1.631667,1.650000,1.701000,1.719000,1.662000,1.624000,1.617000,1.632000
1.3200,1.727000,1.594000,1.629000,1.650000,1.699000,1.732000,1.667000,1.630000,1.622000,1.638000
1.3300,1.723333,1.589333,1.637333,1.650000,1.697000,1.745000,1.674000,1.638000,1.630000,1.648000
1.3400,1.709333,1.602333,1.638333,1.650000,1.691000,1.762000,1.682000,1.643000,1.634000,1.654000
1.3500,1.699667,1.610667,1.639667,1.650000,1.693000,1.784000,1.685000,1.657000,1.644000,1.663000
1.3600,1.686333,1.620333,1.643333,1.650000,1.722000,1.806000,1.701000,1.675000,1.646000,1.669000
1.3700,1.674000,1.625000,1.651000,1.650000,1.732000,1.832000,1.718000,1.685000,1.665000,1.670000
1.3800,1.689000,1.595000,1.666000,1.650000,1.733000,1.870000,1.745000,1.714000,1.703000,1.702000
1.3900,1.680333,1.595333,1.674333,1.650000,1.748000,1.885000,1.765000,1.738000,1.716000,1.725000
1.4000,1.636333,1.618333,1.695333,1.650000,1.741000,1.904000,1.788000,1.775000,1.756000,1.756000
1.4100,1.612000,1.632000,1.706000,1.650000,1.731000,1.914000,1.820000,1.808000,1.796000,1.790000
1.4200,1.602000,1.641000,1.707000,1.650000,1.723000,1.897000,1.822000,1.823000,1.811000,1.810000
1.4300,1.580333,1.652333,1.717333,1.650000,1.713000,1.874000,1.814000,1.834000,1.815000,1.832000
1.4400,1.583667,1.654667,1.711667,1.650000,1.706000,1.836000,1.806000,1.823000,1.805000,1.830000
1.4500,1.599333,1.647333,1.703333,1.650000,1.695000,1.792000,1.793000,1.802000,1.793000,1.810000
1.4600,1.622333,1.633333,1.694333,1.650000,1.695000,1.742000,1.766000,1.759000,1.757000,1.771000
1.4700,1.655667,1.612667,1.681667,1.650000,1.694000,1.724000,1.724000,1.711000,1.715000,1.728000
1.4800,1.670000,1.608000,1.672000,1.650000,1.686000,1.702000,1.689000,1.680000,1.678000,1.695000
1.4900,1.683667,1.607667,1.658667,1.650000,1.680000,1.669000,1.674000,1.672000,1.659000,1.678000
1.5000,1.695667,1.604667,1.649667,1.650000,1.672000,1.670000,1.663000,1.664000,1.644000,1.668000
1.5100,1.706333,1.604333,1.639333,1.650000,1.667000,1.660000,1.654000,1.652000,1.620000,1.658000
1.5200,1.709667,1.595667,1.644667,1.650000,1.655000,1.654000,1.648000,1.641000,1.614000,1.654000
1.5300,1.712333,1.585333,1.652333,1.650000,1.644000,1.637000,1.640000,1.631000,1.615000,1.648000
1.5400,1.713333,1.588333,1.648333,1.650000,1.649000,1.622000,1.635000,1.628000,1.615000,1.643000
1.5500,1.712667,1.589667,1.647667,1.650000,1.648000,1.630000,1.627000,1.624000,1.615000,1.637000
1.5600,1.722000,1.587000,1.641000,1.650000,1.646000,1.633000,1.627000,1.625000,1.616000,1.637000
1.5700,1.716333,1.592333,1.641333,1.650000,1.651000,1.638000,1.631000,1.625000,1.619000,1.641000
1.5800,1.713333,1.593333,1.643333,1.650000,1.654000,1.642000,1.629000,1.616000,1.622000,1.639000
1.5900,1.718333,1.581333,1.650333,1.650000,1.658000,1.646000,1.630000,1.618000,1.625000,1.640000
1.6000,1.717333,1.573333,1.659333,1.650000,1.661000,1.652000,1.630000,1.624000,1.627000,1.640000
1.6100,1.724000,1.576000,1.650000,1.650000,1.664000,1.658000,1.630000,1.629000,1.631000,1.640000
1.6200,1.736000,1.575000,1.639000,1.650000,1.665000,1.664000,1.636000,1.635000,1.624000,1.645000
1.6300,1.732333,1.576333,1.641333,1.650000,1.664000,1.669000,1.651000,1.640000,1.619000,1.647000
1.6400,1.711333,1.592333,1.646333,1.650000,1.666000,1.674000,1.672000,1.645000,1.621000,1.652000
1.6500,1.718333,1.598333,1.633333,1.650000,1.664000,1.675000,1.675000,1.646000,1.620000,1.652000
1.6600,1.708000,1.604000,1.638000,1.650000,1.666000,1.680000,1.675000,1.650000,1.620000,1.661000
1.6700,1.693000,1.620000,1.637000,1.650000,1.664000,1.679000,1.675000,1.651000,1.620000,1.672000
1.6800,1.712000,1.607000,1.631000,1.650000,1.655000,1.675000,1.670000,1.645000,1.624000,1.679000
1.6900,1.700667,1.602667,1.646667,1.650000,1.658000,1.673000,1.670000,1.644000,1.631000,1.691000
1.7000,1.699333,1.612333,1.638333,1.650000,1.665000,1.669000,1.668000,1.649000,1.638000,1.687000
1.7100,1.706000,1.606000,1.638000,1.650000,1.669000,1.668000,1.666000,1.650000,1.644000,1.683000
1.7200,1.701000,1.618000,1.631000,1.650000,1.666000,1.662000,1.663000,1.645000,1.652000,1.680000
1.7300,1.712667,1.605667,1.631667,1.650000,1.660000,1.676000,1.673000,1.647000,1.654000,1.675000
1.7400,1.709000,1.598000,1.643000,1.650000,1.657000,1.690000,1.679000,1.649000,1.641000,1.673000
1.7500,1.690667,1.632667,1.626667,1.650000,1.649000,1.683000,1.670000,1.636000,1.626000,1.669000
1.7600,1.693000,1.619000,1.638000,1.650000,1.655000,1.678000,1.664000,1.629000,1.623000,1.670000
1.7700,1.695667,1.610667,1.643667,1.650000,1.661000,1.672000,1.656000,1.630000,1.627000,1.670000
1.7800,1.692333,1.616333,1.641333,1.650000,1.654000,1.670000,1.648000,1.632000,1.631000,1.670000
1.7900,1.699000,1.600000,1.651000,1.650000,1.655000,1.670000,1.647000,1.635000,1.634000,1.670000
1.8000,1.688000,1.619000,1.643000,1.650000,1.655000,1.670000,1.650000,1.635000,1.639000,1.670000
1.8100,1.683333,1.617333,1.649333,1.650000,1.655000,1.670000,1.650000,1.638000,1.639000,1.672000
1.8200,1.695667,1.612667,1.641667,1.650000,1.655000,1.670000,1.650000,1.641000,1.623000,1.671000
1.8300,1.698667,1.622667,1.628667,1.650000,1.654000,1.670000,1.650000,1.644000,1.617000,1.670000
1.8400,1.688000,1.630000,1.632000,1.650000,1.656000,1.665000,1.651000,1.647000,1.624000,1.670000
1.8500,1.687333,1.634333,1.628333,1.650000,1.652000,1.664000,1.654000,1.650000,1.625000,1.670000
1.8600,1.702000,1.606000,1.642000,1.650000,1.665000,1.660000,1.655000,1.649000,1.630000,1.669000
1.8700,1.693000,1.624000,1.633000,1.650000,1.683000,1.657000,1.658000,1.645000,1.633000,1.673000
1.8800,1.700333,1.614333,1.635333,1.650000,1.674000,1.655000,1.661000,1.641000,1.636000,1.675000
1.8900,1.714000,1.587000,1.649000,1.650000,1.674000,1.654000,1.656000,1.639000,1.641000,1.676000
1.9000,1.703333,1.606333,1.640333,1.650000,1.668000,1.665000,1.639000,1.633000,1.645000,1.681000
1.9100,1.702000,1.599000,1.649000,1.650000,1.664000,1.668000,1.650000,1.649000,1.651000,1.678000
1.9200,1.676333,1.621333,1.652333,1.650000,1.682000,1.692000,1.689000,1.681000,1.653000,1.685000
1.9300,1.644000,1.633000,1.673000,1.650000,1.682000,1.713000,1.706000,1.693000,1.663000,1.696000
1.9400,1.637333,1.630333,1.682333,1.650000,1.662000,1.702000,1.707000,1.683000,1.682000,1.704000
1.9500,1.634000,1.647000,1.669000,1.650000,1.634000,1.699000,1.709000,1.680000,1.692000,1.719000
1.9600,1.640667,1.641667,1.667667,1.650000,1.627000,1.696000,1.719000,1.697000,1.688000,1.720000
1.9700,1.642667,1.647667,1.659667,1.650000,1.641000,1.689000,1.714000,1.694000,1.693000,1.720000
1.9800,1.650000,1.641000,1.659000,1.650000,1.653000,1.686000,1.688000,1.682000,1.689000,1.719000
1.9900,1.669333,1.640333,1.640333,1.650000,1.654000,1.670000,1.662000,1.661000,1.643000,1.684000
2.0000,1.683000,1.646000,1.621000,1.650000,1.648000,1.660000,1.651000,1.636000,1.620000,1.655000
2.0100,1.708000,1.606000,1.636000,1.650000,1.649000,1.653000,1.644000,1.622000,1.617000,1.647000
2.0200,1.698333,1.621333,1.630333,1.650000,1.649000,1.639000,1.637000,1.629000,1.613000,1.641000
2.0300,1.695333,1.632333,1.622333,1.650000,1.667000,1.651000,1.639000,1.640000,1.619000,1.633000
2.0400,1.709000,1.608000,1.633000,1.650000,1.674000,1.654000,1.644000,1.650000,1.626000,1.626000
2.0500,1.701333,1.621333,1.627333,1.650000,1.703000,1.742000,1.657000,1.637000,1.609000,1.618000
2.0600,1.651000,1.626000,1.673000,1.650000,1.756000,1.943000,1.840000,1.762000,1.688000,1.677000
2.0700,1.435667,1.786667,1.727667,1.650000,1.617000,2.037000,2.188000,2.145000,2.029000,1.926000
2.0800,1.349333,1.908333,1.692333,1.650000,1.243000,1.319000,1.877000,2.063000,2.149000,2.122000
2.0900,1.534000,1.760000,1.656000,1.650000,1.011000,0.377000,1.176000,1.533000,1.865000,2.064000
2.1000,1.660000,1.631000,1.659000,1.650000,1.124000,0.589000,1.136000,1.388000,1.688000,1.922000
2.1100,1.704333,1.598333,1.647333,1.650000,1.380000,1.188000,1.390000,1.485000,1.619000,1.796000
2.1200,1.702333,1.607333,1.640333,1.650000,1.577000,1.501000,1.557000,1.555000,1.585000,1.721000
2.1300,1.686667,1.619667,1.643667,1.650000,1.646000,1.652000,1.644000,1.604000,1.609000,1.686000
2.1400,1.712000,1.597000,1.641000,1.650000,1.684000,1.678000,1.654000,1.618000,1.617000,1.678000
2.1500,1.707000,1.606000,1.637000,1.650000,1.707000,1.712000,1.666000,1.627000,1.625000,1.681000
2.1600,1.705667,1.605667,1.638667,1.650000,1.694000,1.703000,1.665000,1.627000,1.613000,1.675000
2.1700,1.711333,1.590333,1.648333,1.650000,1.712000,1.725000,1.680000,1.635000,1.608000,1.675000
2.1800,1.712667,1.600667,1.636667,1.650000,1.725000,1.742000,1.690000,1.638000,1.611000,1.675000
2.1900,1.697333,1.608333,1.644333,1.650000,1.720000,1.739000,1.685000,1.643000,1.613000,1.675000
2.2000,1.652667,1.637667,1.659667,1.650000,1.715000,1.741000,1.680000,1.649000,1.616000,1.675000
2.2100,1.668667,1.644667,1.636667,1.650000,1.712000,1.739000,1.676000,1.639000,1.615000,1.675000
2.2200,1.696333,1.609333,1.644333,1.650000,1.706000,1.741000,1.671000,1.643000,1.620000,1.675000
2.2300,1.677333,1.605333,1.667333,1.650000,1.708000,1.742000,1.673000,1.656000,1.626000,1.675000
2.2400,1.668000,1.616000,1.666000,1.650000,1.727000,1.762000,1.692000,1.675000,1.629000,1.676000
2.2500,1.679333,1.606333,1.664333,1.650000,1.737000,1.776000,1.696000,1.693000,1.635000,1.682000
2.2600,1.683000,1.607000,1.660000,1.650000,1.734000,1.784000,1.695000,1.687000,1.637000,1.682000
2.2700,1.677333,1.606333,1.666333,1.650000,1.736000,1.799000,1.702000,1.692000,1.644000,1.690000
2.2800,1.684333,1.600333,1.665333,1.650000,1.734000,1.811000,1.697000,1.688000,1.647000,1.688000
2.2900,1.672333,1.616333,1.661333,1.650000,1.743000,1.838000,1.715000,1.691000,1.658000,1.692000
2.3000,1.656667,1.624667,1.668667,1.650000,1.765000,1.865000,1.726000,1.706000,1.685000,1.718000
2.3100,1.624667,1.638667,1.686667,1.650000,1.771000,1.897000,1.752000,1.727000,1.713000,1.742000
2.3200,1.608333,1.636333,1.705333,1.650000,1.782000,1.925000,1.794000,1.767000,1.744000,1.769000
2.3300,1.621667,1.623667,1.704667,1.650000,1.783000,1.936000,1.804000,1.786000,1.765000,1.787000
2.3400,1.570333,1.654333,1.725333,1.650000,1.765000,1.949000,1.834000,1.830000,1.813000,1.826000
2.3500,1.552667,1.662667,1.734667,1.650000,1.757000,1.934000,1.839000,1.846000,1.844000,1.848000
2.3600,1.554667,1.653667,1.741667,1.650000,1.748000,1.894000,1.826000,1.831000,1.834000,1.847000
2.3700,1.554667,1.657667,1.737667,1.650000,1.727000,1.856000,1.826000,1.829000,1.822000,1.842000
2.3800,1.581000,1.652000,1.717000,1.650000,1.711000,1.816000,1.789000,1.789000,1.784000,1.808000
2.3900,1.599000,1.642000,1.709000,1.650000,1.705000,1.773000,1.758000,1.757000,1.753000,1.774000
2.4000,1.617667,1.642667,1.689667,1.650000,1.700000,1.744000,1.744000,1.739000,1.727000,1.738000
2.4100,1.639000,1.629000,1.682000,1.650000,1.694000,1.711000,1.702000,1.694000,1.677000,1.712000
2.4200,1.685000,1.601000,1.664000,1.650000,1.689000,1.687000,1.670000,1.660000,1.663000,1.696000
2.4300,1.676333,1.605333,1.668333,1.650000,1.683000,1.684000,1.667000,1.654000,1.652000,1.680000
2.4400,1.673333,1.616333,1.660333,1.650000,1.680000,1.675000,1.661000,1.648000,1.629000,1.675000
2.4500,1.685333,1.613333,1.651333,1.650000,1.680000,1.669000,1.658000,1.640000,1.631000,1.673000
2.4600,1.662667,1.606667,1.680667,1.650000,1.677000,1.662000,1.653000,1.635000,1.629000,1.670000
2.4700,1.668333,1.604333,1.677333,1.650000,1.675000,1.659000,1.648000,1.628000,1.631000,1.667000
2.4800,1.676667,1.603667,1.669667,1.650000,1.674000,1.656000,1.641000,1.625000,1.625000,1.665000
2.4900,1.689000,1.596000,1.665000,1.650000,1.677000,1.653000,1.629000,1.620000,1.615000,1.661000
2.5000,1.677667,1.608667,1.663667,1.650000,1.673000,1.648000,1.629000,1.608000,1.600000,1.660000
2.5100,1.681667,1.602667,1.665667,1.650000,1.685000,1.638000,1.636000,1.607000,1.593000,1.660000
2.5200,1.689000,1.595000,1.666000,1.650000,1.706000,1.647000,1.642000,1.615000,1.600000,1.655000
2.5300,1.676000,1.607000,1.667000,1.650000,1.700000,1.663000,1.650000,1.620000,1.600000,1.655000
2.5400,1.696000,1.606000,1.648000,1.650000,1.695000,1.657000,1.654000,1.625000,1.605000,1.656000
2.5500,1.704333,1.594333,1.651333,1.650000,1.692000,1.662000,1.645000,1.628000,1.605000,1.662000
2.5600,1.694667,1.588667,1.666667,1.650000,1.687000,1.684000,1.643000,1.632000,1.612000,1.668000
2.5700,1.667333,1.608333,1.674333,1.650000,1.681000,1.685000,1.648000,1.635000,1.621000,1.673000
2.5800,1.648000,1.623000,1.679000,1.650000,1.691000,1.685000,1.650000,1.640000,1.630000,1.679000
2.5900,1.655333,1.623333,1.671333,1.650000,1.700000,1.685000,1.655000,1.637000,1.634000,1.675000
2.6000,1.661667,1.625667,1.662667,1.650000,1.690000,1.684000,1.658000,1.635000,1.627000,1.667000
2.6100,1.673667,1.625667,1.650667,1.650000,1.685000,1.686000,1.660000,1.635000,1.624000,1.661000
2.6200,1.663667,1.624667,1.661667,1.650000,1.677000,1.683000,1.654000,1.635000,1.619000,1.653000
2.6300,1.654000,1.629000,1.667000,1.650000,1.671000,1.695000,1.656000,1.634000,1.614000,1.645000
2.6400,1.682000,1.619000,1.649000,1.650000,1.674000,1.698000,1.654000,1.621000,1.611000,1.642000
2.6500,1.674667,1.617667,1.657667,1.650000,1.674000,1.691000,1.655000,1.619000,1.610000,1.645000
2.6600,1.679667,1.609667,1.660667,1.650000,1.670000,1.683000,1.664000,1.624000,1.610000,1.648000
2.6700,1.704333,1.590333,1.655333,1.650000,1.670000,1.679000,1.654000,1.626000,1.610000,1.650000
2.6800,1.681333,1.621333,1.647333,1.650000,1.670000,1.667000,1.651000,1.630000,1.610000,1.650000
2.6900,1.668667,1.642667,1.638667,1.650000,1.670000,1.659000,1.645000,1.630000,1.612000,1.650000
2.7000,1.657667,1.637667,1.654667,1.650000,1.675000,1.685000,1.638000,1.625000,1.617000,1.650000
2.7100,1.667000,1.619000,1.664000,1.650000,1.675000,1.689000,1.645000,1.625000,1.620000,1.650000
2.7200,1.679000,1.617000,1.654000,1.650000,1.675000,1.677000,1.662000,1.628000,1.623000,1.651000
2.7300,1.661333,1.633333,1.655333,1.650000,1.671000,1.673000,1.668000,1.613000,1.628000,1.649000
2.7400,1.673667,1.619667,1.656667,1.650000,1.670000,1.663000,1.654000,1.610000,1.630000,1.641000
2.7500,1.676667,1.628667,1.644667,1.650000,1.670000,1.658000,1.645000,1.619000,1.623000,1.634000
2.7600,1.674333,1.626333,1.649333,1.650000,1.665000,1.658000,1.636000,1.620000,1.614000,1.627000
2.7700,1.669333,1.618333,1.662333,1.650000,1.660000,1.666000,1.634000,1.627000,1.616000,1.628000
2.7800,1.654333,1.635333,1.660333,1.650000,1.655000,1.670000,1.636000,1.629000,1.613000,1.632000
2.7900,1.659667,1.632667,1.657667,1.650000,1.652000,1.669000,1.634000,1.626000,1.610000,1.635000
2.8000,1.666000,1.632000,1.652000,1.650000,1.645000,1.671000,1.637000,1.621000,1.610000,1.638000
2.8100,1.670667,1.638667,1.640667,1.650000,1.648000,1.669000,1.643000,1.622000,1.613000,1.641000
2.8200,1.651333,1.634333,1.664333,1.650000,1.662000,1.672000,1.652000,1.630000,1.628000,1.647000
2.8300,1.653000,1.621000,1.676000,1.650000,1.675000,1.669000,1.657000,1.633000,1.634000,1.654000
2.8400,1.633000,1.641000,1.676000,1.650000,1.683000,1.673000,1.665000,1.642000,1.638000,1.662000
2.8500,1.623667,1.638667,1.687667,1.650000,1.675000,1.697000,1.675000,1.643000,1.638000,1.666000
2.8600,1.643667,1.621667,1.684667,1.650000,1.672000,1.702000,1.684000,1.667000,1.648000,1.683000
2.8700,1.601667,1.650667,1.697667,1.650000,1.665000,1.699000,1.696000,1.679000,1.665000,1.697000
2.8800,1.604333,1.659333,1.686333,1.650000,1.661000,1.700000,1.702000,1.678000,1.677000,1.705000
2.8900,1.575667,1.676667,1.697667,1.650000,1.654000,1.690000,1.699000,1.705000,1.698000,1.729000
2.9000,1.561000,1.686000,1.703000,1.650000,1.641000,1.682000,1.700000,1.702000,1.701000,1.737000
2.9100,1.635000,1.650000,1.665000,1.650000,1.657000,1.674000,1.683000,1.677000,1.672000,1.710000
2.9200,1.659000,1.634000,1.657000,1.650000,1.647000,1.663000,1.638000,1.630000,1.623000,1.677000
2.9300,1.646000,1.646000,1.658000,1.650000,1.638000,1.667000,1.614000,1.610000,1.602000,1.673000
2.9400,1.637667,1.647667,1.664667,1.650000,1.649000,1.655000,1.621000,1.613000,1.609000,1.664000
2.9500,1.643667,1.642667,1.663667,1.650000,1.654000,1.661000,1.632000,1.594000,1.610000,1.662000
2.9600,1.655000,1.639000,1.656000,1.650000,1.661000,1.653000,1.631000,1.602000,1.615000,1.654000
2.9700,1.662333,1.651333,1.636333,1.650000,1.673000,1.690000,1.655000,1.613000,1.606000,1.633000
2.9800,1.656333,1.623333,1.670333,1.650000,1.751000,1.866000,1.746000,1.673000,1.628000,1.644000
2.9900,1.506333,1.710333,1.733333,1.650000,1.709000,2.060000,2.080000,2.006000,1.898000,1.821000
3.0000,1.299667,1.927667,1.722667,1.650000,1.384000,1.665000,2.078000,2.160000,2.156000,2.091000
3.0100,1.403333,1.853333,1.693333,1.650000,1.061000,0.609000,1.365000,1.698000,1.972000,2.094000
3.0200,1.622667,1.675667,1.651667,1.650000,1.051000,0.392000,1.053000,1.368000,1.721000,1.958000
3.0300,1.667000,1.641000,1.642000,1.650000,1.295000,1.013000,1.309000,1.445000,1.643000,1.844000
3.0400,1.665000,1.620000,1.665000,1.650000,1.540000,1.420000,1.514000,1.531000,1.590000,1.736000
3.0500,1.669667,1.634667,1.645667,1.650000,1.631000,1.625000,1.596000,1.568000,1.578000,1.697000
3.0600,1.662667,1.640667,1.646667,1.650000,1.661000,1.682000,1.623000,1.592000,1.586000,1.678000
3.0700,1.655000,1.627000,1.668000,1.650000,1.693000,1.701000,1.652000,1.610000,1.600000,1.677000
3.0800,1.642000,1.643000,1.665000,1.650000,1.695000,1.707000,1.654000,1.616000,1.599000,1.674000
3.0900,1.630333,1.654333,1.665333,1.650000,1.695000,1.710000,1.660000,1.622000,1.590000,1.669000
3.1000,1.639333,1.635333,1.675333,1.650000,1.695000,1.721000,1.666000,1.630000,1.598000,1.666000
3.1100,1.646333,1.628333,1.675333,1.650000,1.705000,1.720000,1.671000,1.633000,1.604000,1.662000
3.1200,1.650000,1.628000,1.672000,1.650000,1.694000,1.725000,1.675000,1.630000,1.611000,1.660000
3.1300,1.655333,1.624333,1.670333,1.650000,1.684000,1.724000,1.668000,1.628000,1.617000,1.656000
3.1400,1.661333,1.622333,1.666333,1.650000,1.721000,1.750000,1.665000,1.630000,1.623000,1.654000
3.1500,1.652000,1.627000,1.671000,1.650000,1.737000,1.761000,1.661000,1.632000,1.626000,1.650000
3.1600,1.635333,1.641333,1.673333,1.650000,1.734000,1.760000,1.653000,1.636000,1.625000,1.650000
3.1700,1.635667,1.645667,1.668667,1.650000,1.733000,1.768000,1.668000,1.638000,1.629000,1.655000
3.1800,1.629000,1.662000,1.659000,1.650000,1.731000,1.776000,1.689000,1.641000,1.630000,1.662000
3.1900,1.628333,1.665333,1.656333,1.650000,1.728000,1.780000,1.691000,1.642000,1.630000,1.665000
3.2000,1.637667,1.652667,1.659667,1.650000,1.738000,1.811000,1.689000,1.652000,1.637000,1.673000
3.2100,1.634667,1.643667,1.671667,1.650000,1.738000,1.833000,1.692000,1.652000,1.645000,1.676000
3.2200,1.597000,1.666000,1.687000,1.650000,1.738000,1.846000,1.714000,1.670000,1.657000,1.687000
3.2300,1.564000,1.686000,1.700000,1.650000,1.775000,1.897000,1.744000,1.717000,1.695000,1.726000
3.2400,1.567000,1.662000,1.721000,1.650000,1.771000,1.915000,1.761000,1.735000,1.726000,1.745000
3.2500,1.570667,1.655667,1.723667,1.650000,1.755000,1.931000,1.789000,1.760000,1.754000,1.760000
3.2600,1.564667,1.661667,1.723667,1.650000,1.750000,1.961000,1.831000,1.801000,1.812000,1.798000
3.2700,1.516000,1.683000,1.751000,1.650000,1.738000,1.949000,1.833000,1.828000,1.844000,1.831000
3.2800,1.501667,1.683667,1.764667,1.650000,1.731000,1.910000,1.817000,1.828000,1.843000,1.839000
3.2900,1.532000,1.667000,1.751000,1.650000,1.720000,1.862000,1.808000,1.807000,1.819000,1.828000
3.3000,1.544000,1.665000,1.741000,1.650000,1.703000,1.816000,1.788000,1.794000,1.792000,1.815000
3.3100,1.575667,1.648667,1.725667,1.650000,1.687000,1.776000,1.765000,1.771000,1.768000,1.787000
3.3200,1.623000,1.623000,1.704000,1.650000,1.681000,1.748000,1.730000,1.725000,1.719000,1.740000
3.3300,1.644333,1.607333,1.698333,1.650000,1.674000,1.729000,1.713000,1.701000,1.700000,1.719000
3.3400,1.618333,1.635333,1.696333,1.650000,1.666000,1.715000,1.705000,1.690000,1.695000,1.715000
3.3500,1.625333,1.641333,1.683333,1.650000,1.660000,1.687000,1.677000,1.662000,1.664000,1.688000
3.3600,1.638000,1.638000,1.674000,1.650000,1.646000,1.655000,1.654000,1.647000,1.643000,1.674000
3.3700,1.635333,1.647333,1.667333,1.650000,1.642000,1.654000,1.628000,1.622000,1.630000,1.672000
3.3800,1.646000,1.637000,1.667000,1.650000,1.659000,1.654000,1.609000,1.602000,1.617000,1.668000
3.3900,1.628000,1.640000,1.682000,1.650000,1.672000,1.648000,1.610000,1.606000,1.615000,1.665000
3.4000,1.618000,1.658000,1.674000,1.650000,1.670000,1.647000,1.610000,1.606000,1.615000,1.660000
3.4100,1.623333,1.658333,1.668333,1.650000,1.670000,1.640000,1.610000,1.610000,1.615000,1.658000
3.4200,1.632333,1.642333,1.675333,1.650000,1.668000,1.641000,1.610000,1.611000,1.615000,1.652000
3.4300,1.636000,1.647000,1.667000,1.650000,1.664000,1.645000,1.612000,1.605000,1.620000,1.647000
3.4400,1.650000,1.620000,1.680000,1.650000,1.665000,1.649000,1.616000,1.594000,1.621000,1.644000
3.4500,1.663000,1.604000,1.683000,1.650000,1.668000,1.652000,1.614000,1.595000,1.611000,1.638000
3.4600,1.652667,1.623667,1.673667,1.650000,1.676000,1.657000,1.619000,1.599000,1.613000,1.635000
3.4700,1.665667,1.607667,1.676667,1.650000,1.682000,1.659000,1.620000,1.600000,1.619000,1.641000
3.4800,1.657000,1.624000,1.669000,1.650000,1.690000,1.667000,1.621000,1.603000,1.622000,1.648000
3.4900,1.624000,1.645000,1.681000,1.650000,1.693000,1.686000,1.624000,1.623000,1.628000,1.656000
3.5000,1.623667,1.642667,1.683667,1.650000,1.690000,1.685000,1.627000,1.640000,1.630000,1.664000
3.5100,1.628333,1.647333,1.674333,1.650000,1.690000,1.680000,1.629000,1.619000,1.615000,1.660000
3.5200,1.643667,1.625667,1.680667,1.650000,1.686000,1.678000,1.633000,1.615000,1.612000,1.655000
3.5300,1.650000,1.620000,1.680000,1.650000,1.685000,1.672000,1.635000,1.625000,1.623000,1.652000
3.5400,1.655000,1.623000,1.672000,1.650000,1.683000,1.672000,1.637000,1.624000,1.626000,1.645000
3.5500,1.643000,1.635000,1.672000,1.650000,1.680000,1.663000,1.651000,1.634000,1.636000,1.648000
3.5600,1.615667,1.643667,1.690667,1.650000,1.679000,1.663000,1.657000,1.632000,1.637000,1.657000
3.5700,1.613000,1.651000,1.686000,1.650000,1.673000,1.673000,1.652000,1.614000,1.623000,1.656000
3.5800,1.613667,1.651667,1.684667,1.650000,1.666000,1.667000,1.644000,1.608000,1.620000,1.651000
3.5900,1.629667,1.639667,1.680667,1.650000,1.663000,1.666000,1.642000,1.611000,1.629000,1.649000
3.6000,1.636667,1.646667,1.666667,1.650000,1.644000,1.661000,1.630000,1.611000,1.626000,1.644000
3.6100,1.649333,1.631333,1.669333,1.650000,1.627000,1.649000,1.606000,1.595000,1.603000,1.641000
3.6200,1.636000,1.651000,1.663000,1.650000,1.634000,1.649000,1.618000,1.598000,1.604000,1.640000
3.6300,1.623000,1.653000,1.674000,1.650000,1.639000,1.655000,1.627000,1.606000,1.612000,1.640000
3.6400,1.652667,1.624667,1.672667,1.650000,1.642000,1.658000,1.623000,1.606000,1.613000,1.640000
3.6500,1.654000,1.621000,1.675000,1.650000,1.648000,1.665000,1.628000,1.611000,1.618000,1.635000
3.6600,1.639667,1.641667,1.668667,1.650000,1.649000,1.663000,1.630000,1.613000,1.621000,1.630000
3.6700,1.636667,1.659667,1.653667,1.650000,1.644000,1.658000,1.630000,1.616000,1.626000,1.626000
3.6800,1.644000,1.645000,1.661000,1.650000,1.641000,1.656000,1.628000,1.611000,1.622000,1.621000
3.6900,1.647000,1.650000,1.653000,1.650000,1.635000,1.632000,1.616000,1.613000,1.611000,1.622000
3.7000,1.653000,1.635000,1.662000,1.650000,1.629000,1.624000,1.605000,1.616000,1.609000,1.626000
3.7100,1.638000,1.648000,1.664000,1.650000,1.630000,1.632000,1.611000,1.615000,1.610000,1.628000
3.7200,1.625000,1.661000,1.664000,1.650000,1.630000,1.637000,1.618000,1.615000,1.612000,1.631000
3.7300,1.620333,1.649333,1.680333,1.650000,1.631000,1.643000,1.618000,1.615000,1.616000,1.634000
3.7400,1.618333,1.652333,1.679333,1.650000,1.629000,1.646000,1.611000,1.614000,1.614000,1.635000
3.7500,1.658333,1.639333,1.652333,1.650000,1.641000,1.638000,1.605000,1.607000,1.622000,1.640000
3.7600,1.630667,1.648667,1.670667,1.650000,1.663000,1.641000,1.614000,1.612000,1.640000,1.645000
3.7700,1.604000,1.647000,1.699000,1.650000,1.671000,1.664000,1.627000,1.619000,1.648000,1.648000
3.7800,1.610333,1.655333,1.684333,1.650000,1.670000,1.677000,1.638000,1.626000,1.654000,1.654000
3.7900,1.579667,1.667667,1.702667,1.650000,1.667000,1.688000,1.655000,1.649000,1.661000,1.671000
3.8000,1.584333,1.674333,1.691333,1.650000,1.662000,1.679000,1.663000,1.671000,1.666000,1.690000
3.8100,1.585000,1.679000,1.686000,1.650000,1.660000,1.686000,1.676000,1.667000,1.680000,1.695000
3.8200,1.587333,1.661333,1.701333,1.650000,1.655000,1.696000,1.685000,1.652000,1.679000,1.699000
3.8300,1.602000,1.676000,1.672000,1.650000,1.652000,1.669000,1.659000,1.644000,1.660000,1.684000
3.8400,1.639000,1.646000,1.665000,1.650000,1.647000,1.658000,1.628000,1.630000,1.643000,1.665000
3.8500,1.645667,1.650667,1.653667,1.650000,1.627000,1.656000,1.621000,1.615000,1.622000,1.659000
3.8600,1.643667,1.666667,1.639667,1.650000,1.627000,1.654000,1.616000,1.608000,1.609000,1.645000
3.8700,1.663667,1.646667,1.639667,1.650000,1.639000,1.646000,1.594000,1.607000,1.616000,1.630000
3.8800,1.650000,1.663000,1.637000,1.650000,1.643000,1.649000,1.588000,1.600000,1.618000,1.628000
3.8900,1.667333,1.643333,1.639333,1.650000,1.655000,1.629000,1.595000,1.604000,1.626000,1.633000
3.9000,1.655333,1.642333,1.652333,1.650000,1.667000,1.687000,1.610000,1.608000,1.615000,1.620000
3.9100,1.635333,1.619333,1.695333,1.650000,1.742000,1.875000,1.739000,1.674000,1.644000,1.631000
3.9200,1.485667,1.729667,1.734667,1.650000,1.686000,2.045000,2.086000,2.020000,1.923000,1.817000
3.9300,1.291333,1.932333,1.726333,1.650000,1.334000,1.589000,2.019000,2.133000,2.153000,2.065000
3.9400,1.424000,1.848000,1.678000,1.650000,1.029000,0.540000,1.305000,1.646000,1.956000,2.082000
3.9500,1.586000,1.694000,1.670000,1.650000,1.045000,0.411000,1.036000,1.343000,1.704000,1.935000
3.9600,1.602667,1.674667,1.672667,1.650000,1.289000,1.037000,1.298000,1.435000,1.626000,1.803000
3.9700,1.631333,1.658333,1.660333,1.650000,1.535000,1.424000,1.497000,1.528000,1.585000,1.712000
3.9800,1.636000,1.650000,1.664000,1.650000,1.643000,1.622000,1.614000,1.578000,1.580000,1.670000
3.9900,1.666667,1.634667,1.648667,1.650000,1.641000,1.633000,1.614000,1.591000,1.586000,1.656000
4.0000,1.671333,1.620333,1.658333,1.650000,1.654000,1.663000,1.617000,1.591000,1.588000,1.648000
4.0100,1.643333,1.651333,1.655333,1.650000,1.689000,1.710000,1.635000,1.600000,1.593000,1.641000
4.0200,1.665333,1.643333,1.641333,1.650000,1.689000,1.706000,1.622000,1.605000,1.595000,1.635000
4.0300,1.669000,1.621000,1.660000,1.650000,1.690000,1.716000,1.627000,1.614000,1.601000,1.630000
4.0400,1.648667,1.643667,1.657667,1.650000,1.691000,1.711000,1.626000,1.617000,1.606000,1.623000
4.0500,1.640667,1.651667,1.657667,1.650000,1.688000,1.719000,1.631000,1.626000,1.611000,1.620000
4.0600,1.650333,1.640333,1.659333,1.650000,1.701000,1.704000,1.629000,1.631000,1.617000,1.620000
4.0700,1.657667,1.649667,1.642667,1.650000,1.699000,1.704000,1.634000,1.607000,1.624000,1.620000
4.0800,1.656667,1.637667,1.655667,1.650000,1.711000,1.724000,1.644000,1.605000,1.622000,1.620000
4.0900,1.660667,1.619667,1.669667,1.650000,1.733000,1.718000,1.651000,1.614000,1.617000,1.620000
4.1000,1.660000,1.633000,1.657000,1.650000,1.729000,1.732000,1.659000,1.616000,1.621000,1.624000
4.1100,1.635000,1.652000,1.663000,1.650000,1.731000,1.753000,1.666000,1.626000,1.624000,1.633000
4.1200,1.622000,1.653000,1.675000,1.650000,1.730000,1.763000,1.671000,1.626000,1.627000,1.641000
4.1300,1.635667,1.631667,1.682667,1.650000,1.730000,1.778000,1.669000,1.642000,1.631000,1.649000
4.1400,1.627000,1.643000,1.680000,1.650000,1.733000,1.809000,1.681000,1.666000,1.641000,1.656000
4.1500,1.628000,1.649000,1.673000,1.650000,1.737000,1.840000,1.696000,1.673000,1.666000,1.667000
4.1600,1.619333,1.646333,1.684333,1.650000,1.751000,1.862000,1.714000,1.693000,1.691000,1.680000
4.1700,1.608333,1.636333,1.705333,1.650000,1.747000,1.889000,1.748000,1.720000,1.714000,1.696000
4.1800,1.580667,1.644667,1.724667,1.650000,1.744000,1.914000,1.782000,1.767000,1.762000,1.737000
4.1900,1.539333,1.695333,1.715333,1.650000,1.740000,1.918000,1.806000,1.802000,1.802000,1.771000
4.2000,1.549667,1.677667,1.722667,1.650000,1.736000,1.907000,1.817000,1.814000,1.831000,1.796000
4.2100,1.533000,1.658000,1.759000,1.650000,1.733000,1.894000,1.827000,1.809000,1.845000,1.810000
4.2200,1.520333,1.681333,1.748333,1.650000,1.703000,1.861000,1.827000,1.795000,1.839000,1.804000
4.2300,1.549667,1.673667,1.726667,1.650000,1.696000,1.813000,1.789000,1.795000,1.819000,1.785000
4.2400,1.578333,1.655333,1.716333,1.650000,1.700000,1.759000,1.740000,1.754000,1.768000,1.732000
4.2500,1.590667,1.655667,1.703667,1.650000,1.691000,1.712000,1.701000,1.709000,1.717000,1.690000
4.2600,1.600667,1.656667,1.692667,1.650000,1.689000,1.688000,1.659000,1.672000,1.680000,1.653000
4.2700,1.633667,1.645667,1.670667,1.650000,1.684000,1.678000,1.635000,1.643000,1.659000,1.630000
4.2800,1.639667,1.644667,1.665667,1.650000,1.679000,1.664000,1.627000,1.626000,1.648000,1.621000
4.2900,1.630667,1.647667,1.671667,1.650000,1.674000,1.658000,1.619000,1.615000,1.644000,1.615000
4.3000,1.665667,1.620667,1.663667,1.650000,1.661000,1.648000,1.610000,1.624000,1.634000,1.619000
4.3100,1.663667,1.610667,1.675667,1.650000,1.658000,1.619000,1.604000,1.602000,1.605000,1.597000
4.3200,1.633333,1.633333,1.683333,1.650000,1.670000,1.609000,1.606000,1.592000,1.598000,1.594000
4.3300,1.649667,1.626667,1.673667,1.650000,1.669000,1.610000,1.604000,1.597000,1.601000,1.596000
4.3400,1.647000,1.643000,1.660000,1.650000,1.665000,1.611000,1.606000,1.598000,1.603000,1.595000
4.3500,1.650000,1.637000,1.663000,1.650000,1.660000,1.607000,1.600000,1.600000,1.606000,1.594000
4.3600,1.673000,1.606000,1.671000,1.650000,1.665000,1.597000,1.590000,1.602000,1.605000,1.599000
4.3700,1.664333,1.619333,1.666333,1.650000,1.681000,1.606000,1.597000,1.601000,1.610000,1.599000
4.3800,1.659000,1.617000,1.674000,1.650000,1.680000,1.620000,1.601000,1.584000,1.613000,1.580000
4.3900,1.663000,1.621000,1.666000,1.650000,1.680000,1.618000,1.606000,1.586000,1.616000,1.586000
4.4000,1.653333,1.625333,1.671333,1.650000,1.680000,1.617000,1.614000,1.590000,1.620000,1.593000
4.4100,1.642667,1.620667,1.686667,1.650000,1.680000,1.636000,1.606000,1.592000,1.625000,1.597000
4.4200,1.656333,1.621333,1.672333,1.650000,1.678000,1.643000,1.598000,1.595000,1.619000,1.601000
4.4300,1.659667,1.621667,1.668667,1.650000,1.674000,1.646000,1.605000,1.597000,1.614000,1.599000
4.4400,1.631667,1.639667,1.678667,1.650000,1.676000,1.651000,1.614000,1.607000,1.620000,1.600000
4.4500,1.656667,1.630667,1.662667,1.650000,1.671000,1.638000,1.618000,1.615000,1.625000,1.600000
4.4600,1.660000,1.633000,1.657000,1.650000,1.670000,1.634000,1.615000,1.623000,1.628000,1.600000
4.4700,1.624000,1.658000,1.668000,1.650000,1.670000,1.644000,1.615000,1.626000,1.636000,1.595000
4.4800,1.646000,1.642000,1.662000,1.650000,1.665000,1.642000,1.615000,1.622000,1.627000,1.595000
4.4900,1.668000,1.626000,1.656000,1.650000,1.665000,1.633000,1.615000,1.608000,1.609000,1.591000
4.5000,1.652000,1.644000,1.654000,1.650000,1.665000,1.622000,1.615000,1.604000,1.610000,1.590000
4.5100,1.636667,1.660667,1.652667,1.650000,1.665000,1.613000,1.611000,1.606000,1.610000,1.585000
4.5200,1.649333,1.646333,1.654333,1.650000,1.665000,1.614000,1.608000,1.604000,1.613000,1.579000
4.5300,1.658333,1.634333,1.657333,1.650000,1.663000,1.615000,1.603000,1.606000,1.616000,1.581000
4.5400,1.675667,1.627667,1.646667,1.650000,1.659000,1.617000,1.600000,1.604000,1.614000,1.579000
4.5500,1.668333,1.631333,1.650333,1.650000,1.657000,1.619000,1.597000,1.601000,1.611000,1.581000
4.5600,1.637667,1.648667,1.663667,1.650000,1.654000,1.621000,1.595000,1.600000,1.608000,1.579000
4.5700,1.648000,1.643000,1.659000,1.650000,1.651000,1.613000,1.592000,1.600000,1.606000,1.582000
4.5800,1.664333,1.637333,1.648333,1.650000,1.649000,1.600000,1.590000,1.600000,1.602000,1.574000
4.5900,1.650000,1.653000,1.647000,1.650000,1.646000,1.600000,1.594000,1.601000,1.600000,1.555000
4.6000,1.632667,1.669667,1.647667,1.650000,1.645000,1.600000,1.596000,1.597000,1.600000,1.555000
4.6100,1.640000,1.667000,1.643000,1.650000,1.645000,1.600000,1.599000,1.595000,1.600000,1.555000
4.6200,1.655000,1.653000,1.642000,1.650000,1.645000,1.600000,1.602000,1.595000,1.600000,1.555000
4.6300,1.668333,1.643333,1.638333,1.650000,1.645000,1.603000,1.605000,1.591000,1.600000,1.555000
4.6400,1.665667,1.636667,1.647667,1.650000,1.647000,1.605000,1.605000,1.590000,1.600000,1.557000
4.6500,1.661000,1.630000,1.659000,1.650000,1.651000,1.605000,1.594000,1.591000,1.600000,1.561000
4.6600,1.668667,1.630667,1.650667,1.650000,1.655000,1.608000,1.594000,1.595000,1.605000,1.559000
4.6700,1.669333,1.635333,1.645333,1.650000,1.658000,1.611000,1.600000,1.595000,1.605000,1.564000
4.6800,1.669000,1.640000,1.641000,1.650000,1.664000,1.608000,1.605000,1.596000,1.606000,1.565000
4.6900,1.649667,1.655667,1.644667,1.650000,1.664000,1.596000,1.611000,1.601000,1.611000,1.564000
4.7000,1.626667,1.666667,1.656667,1.650000,1.662000,1.605000,1.617000,1.600000,1.609000,1.572000
4.7100,1.641667,1.654667,1.653667,1.650000,1.658000,1.614000,1.621000,1.603000,1.613000,1.579000
4.7200,1.634333,1.650333,1.665333,1.650000,1.672000,1.638000,1.636000,1.612000,1.622000,1.586000
4.7300,1.607667,1.653667,1.688667,1.650000,1.696000,1.678000,1.661000,1.623000,1.630000,1.592000
4.7400,1.585667,1.676667,1.687667,1.650000,1.662000,1.677000,1.664000,1.625000,1.639000,1.599000
4.7500,1.575000,1.700000,1.675000,1.650000,1.631000,1.667000,1.656000,1.629000,1.646000,1.606000
4.7600,1.572000,1.703000,1.675000,1.650000,1.637000,1.661000,1.649000,1.643000,1.651000,1.611000
4.7700,1.561000,1.716000,1.673000,1.650000,1.638000,1.651000,1.637000,1.657000,1.658000,1.623000
4.7800,1.604333,1.693333,1.652333,1.650000,1.642000,1.640000,1.620000,1.632000,1.656000,1.591000
4.7900,1.643667,1.669667,1.636667,1.650000,1.645000,1.607000,1.604000,1.585000,1.627000,1.549000
4.8000,1.662000,1.662000,1.626000,1.650000,1.644000,1.607000,1.596000,1.589000,1.605000,1.551000
4.8100,1.665333,1.660333,1.624333,1.650000,1.631000,1.598000,1.575000,1.579000,1.593000,1.541000
4.8200,1.672667,1.654667,1.622667,1.650000,1.630000,1.585000,1.571000,1.566000,1.576000,1.526000
4.8300,1.686667,1.618667,1.644667,1.650000,1.648000,1.619000,1.587000,1.579000,1.578000,1.528000
4.8400,1.653667,1.652667,1.643667,1.650000,1.662000,1.638000,1.593000,1.580000,1.582000,1.532000
4.8500,1.658000,1.657000,1.635000,1.650000,1.725000,1.752000,1.635000,1.604000,1.593000,1.540000
4.8600,1.576333,1.667333,1.706333,1.650000,1.763000,1.977000,1.904000,1.829000,1.754000,1.636000
4.8700,1.372667,1.866667,1.710667,1.650000,1.518000,1.889000,2.130000,2.145000,2.065000,1.880000
4.8800,1.353667,1.925667,1.670667,1.650000,1.138000,0.960000,1.610000,1.881000,2.063000,2.019000
4.8900,1.540000,1.758000,1.652000,1.650000,1.002000,0.273000,1.032000,1.399000,1.772000,1.936000
4.9000,1.652667,1.669667,1.627667,1.650000,1.175000,0.724000,1.146000,1.365000,1.629000,1.791000
4.9100,1.669667,1.647667,1.632667,1.650000,1.457000,1.263000,1.401000,1.466000,1.575000,1.668000
4.9200,1.678667,1.632667,1.638667,1.650000,1.625000,1.542000,1.542000,1.541000,1.553000,1.617000
4.9300,1.673333,1.642333,1.634333,1.650000,1.669000,1.653000,1.586000,1.569000,1.563000,1.579000
4.9400,1.651667,1.668667,1.629667,1.650000,1.683000,1.638000,1.597000,1.572000,1.565000,1.556000
4.9500,1.633000,1.662000,1.655000,1.650000,1.694000,1.669000,1.633000,1.586000,1.573000,1.563000
4.9600,1.674667,1.631667,1.643667,1.650000,1.683000,1.667000,1.623000,1.587000,1.577000,1.556000
4.9700,1.675667,1.647667,1.626667,1.650000,1.685000,1.676000,1.618000,1.595000,1.583000,1.555000
4.9800,1.623667,1.674667,1.651667,1.650000,1.706000,1.696000,1.626000,1.596000,1.587000,1.558000
4.9900,1.654000,1.654000,1.642000,1.650000,1.704000,1.693000,1.630000,1.603000,1.593000,1.564000
5.0000,1.694667,1.619667,1.635667,1.650000,1.701000,1.703000,1.636000,1.604000,1.596000,1.567000
5.0100,1.674000,1.640000,1.636000,1.650000,1.698000,1.720000,1.641000,1.599000,1.602000,1.574000
5.0200,1.652000,1.669000,1.629000,1.650000,1.697000,1.722000,1.644000,1.596000,1.604000,1.572000
5.0300,1.665333,1.655333,1.629333,1.650000,1.690000,1.717000,1.613000,1.598000,1.587000,1.554000
5.0400,1.674667,1.643667,1.631667,1.650000,1.714000,1.728000,1.601000,1.601000,1.584000,1.556000
5.0500,1.665000,1.648000,1.637000,1.650000,1.747000,1.750000,1.621000,1.600000,1.586000,1.560000
5.0600,1.655000,1.654000,1.641000,1.650000,1.744000,1.750000,1.627000,1.600000,1.584000,1.563000
5.0700,1.663333,1.646333,1.640333,1.650000,1.745000,1.752000,1.633000,1.601000,1.587000,1.568000
5.0800,1.649333,1.660333,1.640333,1.650000,1.746000,1.787000,1.638000,1.616000,1.600000,1.570000
5.0900,1.617333,1.674333,1.658333,1.650000,1.744000,1.818000,1.653000,1.638000,1.628000,1.579000
5.1000,1.616667,1.672667,1.660667,1.650000,1.746000,1.835000,1.681000,1.662000,1.652000,1.596000
5.1100,1.586333,1.686333,1.677333,1.650000,1.757000,1.878000,1.712000,1.700000,1.681000,1.630000
5.1200,1.593333,1.664333,1.692333,1.650000,1.754000,1.901000,1.739000,1.717000,1.703000,1.650000
5.1300,1.598000,1.663000,1.689000,1.650000,1.743000,1.908000,1.765000,1.748000,1.739000,1.669000
5.1400,1.543333,1.687333,1.719333,1.650000,1.737000,1.921000,1.790000,1.799000,1.791000,1.718000
5.1500,1.524333,1.708333,1.717333,1.650000,1.730000,1.891000,1.790000,1.803000,1.809000,1.742000
5.1600,1.531667,1.698667,1.719667,1.650000,1.739000,1.850000,1.783000,1.799000,1.802000,1.739000
5.1700,1.538667,1.686667,1.724667,1.650000,1.728000,1.810000,1.773000,1.783000,1.773000,1.720000
5.1800,1.543667,1.712667,1.693667,1.650000,1.698000,1.770000,1.741000,1.745000,1.733000,1.685000
5.1900,1.589000,1.679000,1.682000,1.650000,1.687000,1.730000,1.705000,1.702000,1.697000,1.654000
5.2000,1.620667,1.657667,1.671667,1.650000,1.681000,1.695000,1.667000,1.666000,1.653000,1.622000
5.2100,1.624333,1.660333,1.665333,1.650000,1.674000,1.673000,1.637000,1.649000,1.629000,1.598000
5.2200,1.641667,1.652667,1.655667,1.650000,1.668000,1.653000,1.626000,1.638000,1.628000,1.583000
5.2300,1.659000,1.651000,1.640000,1.650000,1.660000,1.639000,1.601000,1.612000,1.606000,1.568000
5.2400,1.677000,1.636000,1.637000,1.650000,1.668000,1.625000,1.587000,1.593000,1.592000,1.557000
5.2500,1.673667,1.644667,1.631667,1.650000,1.677000,1.613000,1.592000,1.596000,1.597000,1.552000
5.2600,1.676333,1.635333,1.638333,1.650000,1.674000,1.610000,1.585000,1.593000,1.591000,1.546000
5.2700,1.673000,1.643000,1.634000,1.650000,1.675000,1.607000,1.586000,1.590000,1.591000,1.545000
5.2800,1.664333,1.654333,1.631333,1.650000,1.675000,1.604000,1.584000,1.590000,1.590000,1.545000
5.2900,1.689333,1.607333,1.653333,1.650000,1.675000,1.601000,1.593000,1.589000,1.587000,1.541000
5.3000,1.688667,1.619667,1.641667,1.650000,1.675000,1.600000,1.586000,1.580000,1.583000,1.540000
5.3100,1.694667,1.612667,1.642667,1.650000,1.665000,1.605000,1.579000,1.572000,1.573000,1.541000
5.3200,1.694667,1.614667,1.640667,1.650000,1.681000,1.609000,1.586000,1.578000,1.575000,1.545000
5.3300,1.655000,1.663000,1.632000,1.650000,1.703000,1.614000,1.569000,1.583000,1.582000,1.545000
5.3400,1.680333,1.633333,1.636333,1.650000,1.696000,1.618000,1.569000,1.586000,1.585000,1.547000
5.3500,1.687333,1.644333,1.618333,1.650000,1.694000,1.622000,1.581000,1.591000,1.590000,1.551000
5.3600,1.677000,1.644000,1.629000,1.650000,1.689000,1.629000,1.584000,1.595000,1.594000,1.550000
5.3700,1.697667,1.613667,1.638667,1.650000,1.686000,1.636000,1.589000,1.599000,1.590000,1.550000
5.3800,1.691333,1.626333,1.632333,1.650000,1.683000,1.643000,1.591000,1.603000,1.591000,1.550000
5.3900,1.678333,1.644333,1.627333,1.650000,1.679000,1.649000,1.595000,1.607000,1.596000,1.550000
5.4000,1.668000,1.653000,1.629000,1.650000,1.681000,1.657000,1.600000,1.610000,1.598000,1.550000
5.4100,1.665667,1.647667,1.636667,1.650000,1.676000,1.660000,1.602000,1.615000,1.603000,1.550000
5.4200,1.654000,1.674000,1.622000,1.650000,1.675000,1.660000,1.610000,1.613000,1.605000,1.549000
5.4300,1.652333,1.673333,1.624333,1.650000,1.675000,1.660000,1.613000,1.606000,1.598000,1.540000
5.4400,1.658000,1.667000,1.625000,1.650000,1.670000,1.660000,1.601000,1.600000,1.594000,1.538000
5.4500,1.653667,1.669667,1.626667,1.650000,1.670000,1.661000,1.599000,1.600000,1.595000,1.540000
5.4600,1.662000,1.661000,1.627000,1.650000,1.669000,1.657000,1.601000,1.600000,1.595000,1.540000
5.4700,1.670333,1.657333,1.622333,1.650000,1.665000,1.654000,1.604000,1.600000,1.595000,1.545000
5.4800,1.669000,1.652000,1.629000,1.650000,1.666000,1.649000,1.606000,1.600000,1.595000,1.545000
5.4900,1.666000,1.663000,1.621000,1.650000,1.662000,1.648000,1.603000,1.600000,1.595000,1.544000
5.5000,1.659000,1.675000,1.616000,1.650000,1.660000,1.641000,1.601000,1.600000,1.595000,1.540000
5.5100,1.675000,1.663000,1.612000,1.650000,1.660000,1.642000,1.595000,1.590000,1.588000,1.540000
5.5200,1.682667,1.656667,1.610667,1.650000,1.660000,1.659000,1.596000,1.584000,1.585000,1.540000
5.5300,1.670667,1.665667,1.613667,1.650000,1.660000,1.655000,1.591000,1.586000,1.584000,1.540000
5.5400,1.686667,1.638667,1.624667,1.650000,1.660000,1.647000,1.591000,1.585000,1.579000,1.539000
5.5500,1.678000,1.653000,1.619000,1.650000,1.667000,1.641000,1.586000,1.586000,1.581000,1.527000
5.5600,1.678667,1.656667,1.614667,1.650000,1.660000,1.636000,1.566000,1.590000,1.584000,1.524000
5.5700,1.684667,1.645667,1.619667,1.650000,1.653000,1.641000,1.569000,1.590000,1.589000,1.528000
5.5800,1.668333,1.678333,1.603333,1.650000,1.656000,1.640000,1.576000,1.591000,1.592000,1.530000
5.5900,1.670333,1.674333,1.605333,1.650000,1.647000,1.640000,1.580000,1.595000,1.595000,1.534000
5.6000,1.670667,1.673667,1.605667,1.650000,1.654000,1.640000,1.587000,1.595000,1.601000,1.535000
5.6100,1.670000,1.674000,1.606000,1.650000,1.678000,1.639000,1.589000,1.597000,1.594000,1.536000
5.6200,1.667667,1.671667,1.610667,1.650000,1.680000,1.645000,1.590000,1.603000,1.590000,1.532000
5.6300,1.662667,1.677667,1.609667,1.650000,1.673000,1.644000,1.589000,1.607000,1.597000,1.524000
5.6400,1.655000,1.674000,1.621000,1.650000,1.673000,1.649000,1.591000,1.612000,1.602000,1.531000
5.6500,1.656333,1.678333,1.615333,1.650000,1.665000,1.649000,1.589000,1.616000,1.608000,1.537000
5.6600,1.666667,1.651667,1.631667,1.650000,1.667000,1.654000,1.601000,1.621000,1.613000,1.545000
5.6700,1.643333,1.640333,1.666333,1.650000,1.690000,1.679000,1.623000,1.625000,1.622000,1.546000
5.6800,1.614667,1.660667,1.674667,1.650000,1.691000,1.696000,1.635000,1.632000,1.630000,1.541000
5.6900,1.601667,1.680667,1.667667,1.650000,1.680000,1.687000,1.643000,1.637000,1.640000,1.553000
5.7000,1.585333,1.713333,1.651333,1.650000,1.673000,1.672000,1.652000,1.645000,1.646000,1.563000
5.7100,1.597667,1.690667,1.661667,1.650000,1.666000,1.700000,1.671000,1.672000,1.657000,1.565000
5.7200,1.602667,1.688667,1.658667,1.650000,1.653000,1.689000,1.662000,1.662000,1.654000,1.573000
5.7300,1.626667,1.698667,1.624667,1.650000,1.641000,1.664000,1.618000,1.628000,1.620000,1.560000
5.7400,1.668667,1.667667,1.613667,1.650000,1.650000,1.666000,1.595000,1.621000,1.602000,1.533000
5.7500,1.667000,1.671000,1.612000,1.650000,1.655000,1.659000,1.595000,1.598000,1.592000,1.521000
5.7600,1.672333,1.663333,1.614333,1.650000,1.659000,1.662000,1.595000,1.587000,1.590000,1.523000
5.7700,1.680667,1.658667,1.610667,1.650000,1.667000,1.650000,1.594000,1.595000,1.589000,1.524000
5.7800,1.694000,1.650000,1.606000,1.650000,1.687000,1.664000,1.579000,1.595000,1.591000,1.526000
5.7900,1.698667,1.649667,1.601667,1.650000,1.686000,1.659000,1.585000,1.600000,1.589000,1.523000
5.8000,1.705333,1.651333,1.593333,1.650000,1.704000,1.737000,1.619000,1.599000,1.572000,1.511000
5.8100,1.626667,1.658667,1.664667,1.650000,1.779000,1.959000,1.817000,1.754000,1.684000,1.579000
5.8200,1.417333,1.836333,1.696333,1.650000,1.623000,2.028000,2.128000,2.099000,1.991000,1.788000
5.8300,1.339333,1.961333,1.649333,1.650000,1.241000,1.297000,1.805000,1.999000,2.098000,1.975000
5.8400,1.516000,1.797000,1.637000,1.650000,1.027000,0.385000,1.132000,1.498000,1.842000,1.944000
5.8500,1.659667,1.669667,1.620667,1.650000,1.124000,0.593000,1.081000,1.365000,1.668000,1.793000
5.8600,1.647333,1.677333,1.625333,1.650000,1.406000,1.208000,1.366000,1.473000,1.611000,1.667000
5.8700,1.670333,1.660333,1.619333,1.650000,1.611000,1.533000,1.535000,1.540000,1.566000,1.574000
5.8800,1.683667,1.656667,1.609667,1.650000,1.664000,1.660000,1.589000,1.580000,1.577000,1.537000
5.8900,1.668667,1.663667,1.617667,1.650000,1.687000,1.678000,1.615000,1.593000,1.579000,1.532000
5.9000,1.664000,1.673000,1.613000,1.650000,1.704000,1.715000,1.629000,1.604000,1.586000,1.527000
5.9100,1.669000,1.666000,1.615000,1.650000,1.705000,1.706000,1.629000,1.607000,1.592000,1.525000
5.9200,1.692000,1.649000,1.609000,1.650000,1.705000,1.735000,1.637000,1.613000,1.594000,1.525000
5.9300,1.686000,1.652000,1.612000,1.650000,1.713000,1.756000,1.639000,1.619000,1.596000,1.525000
5.9400,1.688333,1.644333,1.617333,1.650000,1.716000,1.757000,1.646000,1.624000,1.594000,1.525000
5.9500,1.681000,1.657000,1.612000,1.650000,1.714000,1.764000,1.633000,1.617000,1.596000,1.524000
5.9600,1.671000,1.669000,1.610000,1.650000,1.726000,1.764000,1.622000,1.616000,1.595000,1.526000
5.9700,1.675000,1.660000,1.615000,1.650000,1.731000,1.770000,1.627000,1.624000,1.595000,1.527000
5.9800,1.676667,1.648667,1.624667,1.650000,1.729000,1.772000,1.630000,1.626000,1.599000,1.535000
5.9900,1.674667,1.651667,1.623667,1.650000,1.735000,1.776000,1.633000,1.632000,1.606000,1.531000
6.0000,1.658333,1.677333,1.614333,1.650000,1.734000,1.781000,1.637000,1.636000,1.612000,1.512000
6.0100,1.661000,1.674000,1.615000,1.650000,1.736000,1.799000,1.643000,1.627000,1.619000,1.519000
6.0200,1.663667,1.666667,1.619667,1.650000,1.738000,1.812000,1.653000,1.636000,1.626000,1.531000
6.0300,1.664667,1.666667,1.618667,1.650000,1.743000,1.825000,1.655000,1.649000,1.631000,1.539000
6.0400,1.662333,1.664333,1.623333,1.650000,1.752000,1.849000,1.675000,1.668000,1.645000,1.552000
6.0500,1.640000,1.676000,1.634000,1.650000,1.751000,1.875000,1.706000,1.696000,1.658000,1.557000
6.0600,1.632000,1.676000,1.642000,1.650000,1.765000,1.903000,1.718000,1.709000,1.680000,1.581000
6.0700,1.608333,1.684333,1.657333,1.650000,1.768000,1.939000,1.752000,1.740000,1.717000,1.616000
6.0800,1.570333,1.700333,1.679333,1.650000,1.758000,1.957000,1.781000,1.772000,1.755000,1.647000
6.0900,1.561333,1.701333,1.687333,1.650000,1.754000,1.961000,1.807000,1.810000,1.799000,1.669000
6.1000,1.552667,1.701667,1.695667,1.650000,1.745000,1.951000,1.822000,1.825000,1.817000,1.697000
6.1100,1.545333,1.701333,1.703333,1.650000,1.740000,1.910000,1.809000,1.808000,1.805000,1.718000
6.1200,1.559333,1.685333,1.705333,1.650000,1.731000,1.865000,1.804000,1.807000,1.805000,1.712000
6.1300,1.569667,1.677667,1.702667,1.650000,1.718000,1.826000,1.781000,1.779000,1.778000,1.696000
6.1400,1.594667,1.692667,1.662667,1.650000,1.708000,1.789000,1.726000,1.732000,1.727000,1.638000
6.1500,1.607000,1.701000,1.642000,1.650000,1.701000,1.753000,1.690000,1.695000,1.684000,1.589000
6.1600,1.627333,1.685333,1.637333,1.650000,1.696000,1.718000,1.676000,1.676000,1.657000,1.582000
6.1700,1.663000,1.667000,1.620000,1.650000,1.691000,1.695000,1.664000,1.663000,1.641000,1.564000
6.1800,1.672000,1.660000,1.618000,1.650000,1.685000,1.685000,1.656000,1.635000,1.626000,1.539000
6.1900,1.686333,1.650333,1.613333,1.650000,1.681000,1.675000,1.648000,1.623000,1.617000,1.534000
6.2000,1.687333,1.645333,1.617333,1.650000,1.684000,1.664000,1.640000,1.623000,1.611000,1.535000
6.2100,1.683000,1.653000,1.614000,1.650000,1.685000,1.653000,1.632000,1.618000,1.614000,1.536000
6.2200,1.679333,1.659333,1.611333,1.650000,1.685000,1.641000,1.626000,1.615000,1.615000,1.533000
6.2300,1.678667,1.652667,1.618667,1.650000,1.685000,1.630000,1.619000,1.619000,1.616000,1.523000
6.2400,1.679667,1.647667,1.622667,1.650000,1.685000,1.621000,1.614000,1.620000,1.619000,1.518000
6.2500,1.679667,1.642667,1.627667,1.650000,1.683000,1.619000,1.610000,1.621000,1.622000,1.518000
6.2600,1.678667,1.640667,1.630667,1.650000,1.679000,1.616000,1.605000,1.617000,1.615000,1.510000
6.2700,1.678333,1.638333,1.633333,1.650000,1.681000,1.613000,1.609000,1.601000,1.596000,1.495000
6.2800,1.696000,1.627000,1.627000,1.650000,1.679000,1.610000,1.616000,1.604000,1.599000,1.500000
6.2900,1.703333,1.619333,1.627333,1.650000,1.681000,1.611000,1.623000,1.611000,1.606000,1.507000
6.3000,1.698667,1.621667,1.629667,1.650000,1.690000,1.642000,1.629000,1.615000,1.610000,1.519000
6.3100,1.690000,1.633000,1.627000,1.650000,1.690000,1.660000,1.637000,1.622000,1.617000,1.535000
6.3200,1.673000,1.660000,1.617000,1.650000,1.690000,1.663000,1.639000,1.624000,1.621000,1.528000
6.3300,1.665000,1.669000,1.616000,1.650000,1.687000,1.676000,1.635000,1.625000,1.625000,1.527000
6.3400,1.663000,1.667000,1.620000,1.650000,1.685000,1.674000,1.635000,1.625000,1.626000,1.535000
6.3500,1.656333,1.674333,1.619333,1.650000,1.685000,1.671000,1.635000,1.625000,1.629000,1.540000
6.3600,1.657000,1.666000,1.627000,1.650000,1.680000,1.669000,1.635000,1.625000,1.633000,1.545000
6.3700,1.672667,1.666667,1.610667,1.650000,1.680000,1.661000,1.635000,1.625000,1.616000,1.548000
6.3800,1.687667,1.651667,1.610667,1.650000,1.680000,1.655000,1.639000,1.629000,1.604000,1.552000
6.3900,1.667000,1.664000,1.619000,1.650000,1.680000,1.647000,1.640000,1.630000,1.610000,1.554000
6.4000,1.667000,1.665000,1.618000,1.650000,1.681000,1.639000,1.640000,1.631000,1.612000,1.562000
6.4100,1.681667,1.647667,1.620667,1.650000,1.677000,1.632000,1.640000,1.634000,1.617000,1.551000
6.4200,1.667667,1.674667,1.607667,1.650000,1.675000,1.626000,1.640000,1.636000,1.620000,1.533000
6.4300,1.676333,1.657333,1.616333,1.650000,1.675000,1.625000,1.639000,1.634000,1.624000,1.541000
6.4400,1.677333,1.655333,1.617333,1.650000,1.671000,1.625000,1.635000,1.628000,1.625000,1.544000
6.4500,1.670333,1.670333,1.609333,1.650000,1.670000,1.625000,1.633000,1.622000,1.625000,1.549000
6.4600,1.675000,1.661000,1.614000,1.650000,1.670000,1.624000,1.634000,1.616000,1.624000,1.554000
6.4700,1.686667,1.654667,1.608667,1.650000,1.665000,1.620000,1.637000,1.618000,1.627000,1.556000
6.4800,1.685333,1.663333,1.601333,1.650000,1.660000,1.604000,1.623000,1.621000,1.620000,1.553000
6.4900,1.676667,1.665667,1.607667,1.650000,1.655000,1.599000,1.613000,1.620000,1.601000,1.540000
6.5000,1.684000,1.644000,1.622000,1.650000,1.651000,1.604000,1.621000,1.625000,1.604000,1.542000
6.5100,1.673000,1.661000,1.616000,1.650000,1.646000,1.606000,1.625000,1.625000,1.611000,1.547000
6.5200,1.666333,1.662333,1.621333,1.650000,1.647000,1.609000,1.631000,1.626000,1.615000,1.549000
6.5300,1.664333,1.659333,1.626333,1.650000,1.651000,1.611000,1.636000,1.631000,1.623000,1.555000
6.5400,1.661333,1.684333,1.604333,1.650000,1.654000,1.614000,1.641000,1.636000,1.623000,1.554000
6.5500,1.680667,1.666667,1.602667,1.650000,1.658000,1.615000,1.649000,1.640000,1.618000,1.546000
6.5600,1.684667,1.660667,1.604667,1.650000,1.660000,1.616000,1.657000,1.645000,1.619000,1.545000
6.5700,1.682000,1.666000,1.602000,1.650000,1.656000,1.620000,1.657000,1.650000,1.621000,1.545000
6.5800,1.694333,1.641333,1.614333,1.650000,1.651000,1.621000,1.648000,1.647000,1.619000,1.545000
6.5900,1.686667,1.656667,1.606667,1.650000,1.649000,1.611000,1.643000,1.643000,1.620000,1.545000
6.6000,1.683333,1.662333,1.604333,1.650000,1.645000,1.606000,1.635000,1.640000,1.619000,1.545000
6.6100,1.682333,1.650333,1.617333,1.650000,1.640000,1.616000,1.632000,1.636000,1.625000,1.549000
6.6200,1.668333,1.664333,1.617333,1.650000,1.643000,1.620000,1.635000,1.636000,1.635000,1.556000
6.6300,1.664333,1.661333,1.624333,1.650000,1.656000,1.628000,1.641000,1.645000,1.645000,1.560000
6.6400,1.660333,1.660333,1.629333,1.650000,1.667000,1.633000,1.654000,1.653000,1.652000,1.567000
6.6500,1.655333,1.662333,1.632333,1.650000,1.665000,1.636000,1.666000,1.662000,1.653000,1.569000
6.6600,1.612667,1.680667,1.656667,1.650000,1.660000,1.634000,1.677000,1.676000,1.668000,1.571000
6.6700,1.588000,1.706000,1.656000,1.650000,1.655000,1.636000,1.691000,1.678000,1.683000,1.570000
6.6800,1.597333,1.712333,1.640333,1.650000,1.653000,1.633000,1.689000,1.665000,1.677000,1.570000
6.6900,1.603667,1.711667,1.634667,1.650000,1.644000,1.613000,1.674000,1.660000,1.673000,1.571000
6.7000,1.662000,1.675000,1.613000,1.650000,1.654000,1.612000,1.653000,1.648000,1.650000,1.552000
6.7100,1.693333,1.662333,1.594333,1.650000,1.676000,1.599000,1.632000,1.641000,1.623000,1.543000
6.7200,1.697667,1.654667,1.597667,1.650000,1.675000,1.591000,1.616000,1.628000,1.605000,1.531000
6.7300,1.699333,1.650333,1.600333,1.650000,1.675000,1.596000,1.619000,1.603000,1.599000,1.528000
6.7400,1.689667,1.660667,1.599667,1.650000,1.676000,1.611000,1.626000,1.598000,1.601000,1.534000
6.7500,1.695000,1.641000,1.614000,1.650000,1.673000,1.614000,1.630000,1.611000,1.598000,1.538000
6.7600,1.671000,1.665000,1.614000,1.650000,1.688000,1.667000,1.636000,1.620000,1.606000,1.542000
6.7700,1.648000,1.661000,1.641000,1.650000,1.757000,1.842000,1.747000,1.694000,1.648000,1.555000
6.7800,1.489333,1.767333,1.693333,1.650000,1.693000,2.032000,2.090000,2.028000,1.917000,1.736000
6.7900,1.319000,1.962000,1.669000,1.650000,1.343000,1.547000,1.984000,2.108000,2.131000,1.980000
6.8000,1.451333,1.859333,1.639333,1.650000,1.047000,0.495000,1.299000,1.627000,1.921000,2.001000
6.8100,1.631333,1.689333,1.629333,1.650000,1.078000,0.411000,1.071000,1.367000,1.686000,1.859000
6.8200,1.663000,1.676000,1.611000,1.650000,1.333000,1.037000,1.321000,1.459000,1.617000,1.722000
6.8300,1.666667,1.665667,1.617667,1.650000,1.573000,1.426000,1.525000,1.544000,1.588000,1.618000
6.8400,1.674667,1.655667,1.619667,1.650000,1.647000,1.618000,1.603000,1.593000,1.587000,1.573000
6.8500,1.673667,1.655667,1.620667,1.650000,1.670000,1.659000,1.622000,1.613000,1.592000,1.572000
6.8600,1.668667,1.657667,1.623667,1.650000,1.703000,1.689000,1.637000,1.621000,1.599000,1.569000
6.8700,1.666000,1.661000,1.623000,1.650000,1.708000,1.693000,1.636000,1.624000,1.604000,1.571000
6.8800,1.661000,1.664000,1.625000,1.650000,1.709000,1.702000,1.645000,1.631000,1.602000,1.569000
6.8900,1.659333,1.666333,1.624333,1.650000,1.704000,1.715000,1.650000,1.637000,1.599000,1.564000
6.9000,1.655667,1.666667,1.627667,1.650000,1.706000,1.719000,1.654000,1.639000,1.600000,1.569000
6.9100,1.660667,1.664667,1.624667,1.650000,1.703000,1.717000,1.651000,1.623000,1.600000,1.576000
6.9200,1.682333,1.654333,1.613333,1.650000,1.718000,1.726000,1.649000,1.617000,1.600000,1.582000
6.9300,1.679000,1.654000,1.617000,1.650000,1.738000,1.756000,1.651000,1.627000,1.601000,1.589000
6.9400,1.667667,1.667667,1.614667,1.650000,1.733000,1.762000,1.648000,1.632000,1.607000,1.597000
6.9500,1.667667,1.671667,1.610667,1.650000,1.736000,1.769000,1.654000,1.640000,1.615000,1.610000
6.9600,1.663000,1.674000,1.613000,1.650000,1.734000,1.775000,1.660000,1.645000,1.620000,1.625000
6.9700,1.657333,1.675333,1.617333,1.650000,1.736000,1.796000,1.672000,1.654000,1.628000,1.643000
6.9800,1.649667,1.681667,1.618667,1.650000,1.737000,1.812000,1.677000,1.657000,1.633000,1.652000
6.9900,1.644333,1.681333,1.624333,1.650000,1.749000,1.839000,1.686000,1.665000,1.640000,1.679000
7.0000,1.643667,1.684667,1.621667,1.650000,1.756000,1.869000,1.688000,1.663000,1.645000,1.704000
7.0100,1.630667,1.689667,1.629667,1.650000,1.750000,1.896000,1.687000,1.670000,1.653000,1.716000
7.0200,1.599667,1.683667,1.666667,1.650000,1.788000,1.939000,1.723000,1.719000,1.684000,1.757000
7.0300,1.585667,1.703667,1.660667,1.650000,1.792000,1.962000,1.739000,1.742000,1.718000,1.782000
7.0400,1.588000,1.703000,1.659000,1.650000,1.767000,1.972000,1.769000,1.766000,1.752000,1.810000
7.0500,1.574667,1.702667,1.672667,1.650000,1.764000,1.978000,1.796000,1.789000,1.789000,1.849000
7.0600,1.553333,1.717333,1.679333,1.650000,1.753000,1.971000,1.804000,1.812000,1.815000,1.862000
7.0700,1.534333,1.724333,1.691333,1.650000,1.743000,1.947000,1.825000,1.838000,1.836000,1.871000
7.0800,1.547000,1.716000,1.687000,1.650000,1.727000,1.897000,1.805000,1.821000,1.836000,1.872000
7.0900,1.569667,1.702667,1.677667,1.650000,1.711000,1.841000,1.763000,1.777000,1.802000,1.832000
7.1000,1.580667,1.712667,1.656667,1.650000,1.695000,1.795000,1.725000,1.732000,1.755000,1.779000
7.1100,1.589333,1.711333,1.649333,1.650000,1.685000,1.755000,1.701000,1.706000,1.710000,1.737000
7.1200,1.620000,1.685000,1.645000,1.650000,1.678000,1.717000,1.678000,1.680000,1.675000,1.696000
7.1300,1.653667,1.661667,1.634667,1.650000,1.671000,1.689000,1.641000,1.639000,1.639000,1.677000
7.1400,1.652333,1.674333,1.623333,1.650000,1.668000,1.674000,1.615000,1.605000,1.614000,1.674000
7.1500,1.670333,1.663333,1.616333,1.650000,1.664000,1.665000,1.608000,1.599000,1.615000,1.672000
7.1600,1.674667,1.656667,1.618667,1.650000,1.660000,1.655000,1.608000,1.598000,1.615000,1.668000
7.1700,1.666000,1.670000,1.614000,1.650000,1.657000,1.646000,1.603000,1.593000,1.614000,1.666000
7.1800,1.676333,1.657333,1.616333,1.650000,1.653000,1.639000,1.588000,1.591000,1.617000,1.664000
7.1900,1.676333,1.656333,1.617333,1.650000,1.650000,1.632000,1.584000,1.589000,1.610000,1.658000
7.2000,1.681667,1.649667,1.618667,1.650000,1.647000,1.626000,1.586000,1.592000,1.596000,1.651000
7.2100,1.694000,1.639000,1.617000,1.650000,1.644000,1.618000,1.585000,1.584000,1.592000,1.643000
7.2200,1.693667,1.636667,1.619667,1.650000,1.649000,1.616000,1.585000,1.580000,1.590000,1.639000
7.2300,1.689667,1.633667,1.626667,1.650000,1.650000,1.620000,1.586000,1.587000,1.585000,1.619000
7.2400,1.688333,1.644333,1.617333,1.650000,1.650000,1.620000,1.592000,1.591000,1.587000,1.595000
7.2500,1.684333,1.655333,1.610333,1.650000,1.655000,1.622000,1.598000,1.597000,1.590000,1.595000
7.2600,1.690667,1.641667,1.617667,1.650000,1.655000,1.625000,1.602000,1.604000,1.593000,1.595000
7.2700,1.694000,1.631000,1.625000,1.650000,1.655000,1.625000,1.609000,1.601000,1.596000,1.595000
7.2800,1.687667,1.645667,1.616667,1.650000,1.655000,1.625000,1.614000,1.590000,1.599000,1.595000
7.2900,1.686667,1.645667,1.617667,1.650000,1.655000,1.625000,1.616000,1.590000,1.601000,1.594000
7.3000,1.677333,1.651333,1.621333,1.650000,1.656000,1.625000,1.614000,1.590000,1.604000,1.589000
7.3100,1.659000,1.659000,1.632000,1.650000,1.650000,1.625000,1.616000,1.590000,1.606000,1.589000
7.3200,1.660667,1.650667,1.638667,1.650000,1.640000,1.625000,1.613000,1.590000,1.604000,1.582000
7.3300,1.675000,1.669000,1.606000,1.650000,1.632000,1.626000,1.609000,1.592000,1.608000,1.594000
7.3400,1.679000,1.668000,1.603000,1.650000,1.635000,1.630000,1.610000,1.599000,1.614000,1.598000
7.3500,1.682667,1.659667,1.607667,1.650000,1.637000,1.632000,1.610000,1.604000,1.619000,1.567000
7.3600,1.681667,1.661667,1.606667,1.650000,1.640000,1.636000,1.610000,1.608000,1.624000,1.564000
7.3700,1.685333,1.654333,1.610333,1.650000,1.666000,1.635000,1.610000,1.617000,1.631000,1.566000
7.3800,1.687667,1.663667,1.598667,1.650000,1.675000,1.635000,1.610000,1.617000,1.633000,1.564000
7.3900,1.669333,1.670333,1.610333,1.650000,1.662000,1.635000,1.610000,1.602000,1.620000,1.566000
7.4000,1.679667,1.647667,1.622667,1.650000,1.659000,1.635000,1.610000,1.602000,1.619000,1.565000
7.4100,1.686667,1.655667,1.607667,1.650000,1.650000,1.636000,1.610000,1.610000,1.621000,1.571000
7.4200,1.679667,1.664667,1.605667,1.650000,1.646000,1.616000,1.591000,1.610000,1.604000,1.573000
7.4300,1.690000,1.645000,1.615000,1.650000,1.656000,1.608000,1.583000,1.620000,1.599000,1.576000
7.4400,1.687000,1.655000,1.608000,1.650000,1.657000,1.614000,1.586000,1.615000,1.604000,1.581000
7.4500,1.687667,1.653667,1.608667,1.650000,1.661000,1.615000,1.588000,1.603000,1.606000,1.572000
7.4600,1.687000,1.657000,1.606000,1.650000,1.656000,1.620000,1.591000,1.611000,1.609000,1.564000
7.4700,1.681000,1.666000,1.603000,1.650000,1.642000,1.620000,1.590000,1.594000,1.611000,1.571000
7.4800,1.672333,1.668333,1.609333,1.650000,1.645000,1.625000,1.595000,1.579000,1.614000,1.574000
7.4900,1.669000,1.673000,1.608000,1.650000,1.649000,1.633000,1.600000,1.591000,1.619000,1.579000
7.5000,1.670333,1.674333,1.605333,1.650000,1.651000,1.639000,1.605000,1.595000,1.621000,1.584000
7.5100,1.688667,1.661667,1.599667,1.650000,1.656000,1.646000,1.608000,1.602000,1.625000,1.587000
7.5200,1.696333,1.649333,1.604333,1.650000,1.659000,1.652000,1.616000,1.611000,1.631000,1.594000
7.5300,1.678333,1.663333,1.608333,1.650000,1.658000,1.654000,1.606000,1.595000,1.621000,1.601000
7.5400,1.686000,1.652000,1.612000,1.650000,1.653000,1.645000,1.606000,1.592000,1.615000,1.607000
7.5500,1.674667,1.656667,1.618667,1.650000,1.650000,1.642000,1.622000,1.610000,1.624000,1.614000
7.5600,1.666667,1.651667,1.631667,1.650000,1.657000,1.645000,1.610000,1.604000,1.628000,1.620000
7.5700,1.655000,1.653000,1.642000,1.650000,1.664000,1.653000,1.615000,1.609000,1.634000,1.628000
7.5800,1.645333,1.654333,1.650333,1.650000,1.672000,1.656000,1.628000,1.623000,1.639000,1.634000
7.5900,1.646333,1.632333,1.671333,1.650000,1.670000,1.664000,1.638000,1.632000,1.651000,1.641000
7.6000,1.619000,1.672000,1.659000,1.650000,1.644000,1.662000,1.646000,1.639000,1.659000,1.647000
7.6100,1.612333,1.688333,1.649333,1.650000,1.622000,1.647000,1.668000,1.657000,1.678000,1.653000
7.6200,1.600667,1.679667,1.669667,1.650000,1.625000,1.664000,1.688000,1.669000,1.693000,1.668000
7.6300,1.607667,1.682667,1.659667,1.650000,1.641000,1.668000,1.662000,1.652000,1.679000,1.660000
7.6400,1.645667,1.671667,1.632667,1.650000,1.648000,1.659000,1.649000,1.642000,1.666000,1.651000
7.6500,1.670333,1.656333,1.623333,1.650000,1.642000,1.642000,1.627000,1.606000,1.647000,1.625000
7.6600,1.686000,1.645000,1.619000,1.650000,1.639000,1.621000,1.607000,1.571000,1.617000,1.591000
7.6700,1.682667,1.645667,1.621667,1.650000,1.633000,1.600000,1.616000,1.577000,1.606000,1.591000
7.6800,1.674667,1.651667,1.623667,1.650000,1.630000,1.604000,1.619000,1.586000,1.610000,1.579000
7.6900,1.695667,1.636667,1.617667,1.650000,1.630000,1.594000,1.625000,1.595000,1.597000,1.586000
7.7000,1.699000,1.647000,1.604000,1.650000,1.639000,1.605000,1.624000,1.590000,1.606000,1.551000
7.7100,1.670000,1.650000,1.630000,1.650000,1.715000,1.771000,1.682000,1.616000,1.637000,1.513000
7.7200,1.555000,1.698000,1.697000,1.650000,1.717000,1.995000,2.006000,1.917000,1.845000,1.683000
7.7300,1.365000,1.901000,1.684000,1.650000,1.449000,1.762000,2.127000,2.175000,2.153000,1.980000
7.7400,1.421667,1.840667,1.687667,1.650000,1.123000,0.750000,1.501000,1.808000,2.076000,2.096000
7.7500,1.615333,1.626333,1.708333,1.650000,1.074000,0.317000,1.035000,1.379000,1.781000,1.949000
7.7600,1.681333,1.631333,1.637333,1.650000,1.250000,0.858000,1.195000,1.360000,1.628000,1.774000
7.7700,1.696333,1.627333,1.626333,1.650000,1.461000,1.287000,1.428000,1.470000,1.592000,1.672000
7.7800,1.683000,1.620000,1.647000,1.650000,1.606000,1.543000,1.569000,1.554000,1.596000,1.627000
7.7900,1.681667,1.633667,1.634667,1.650000,1.645000,1.630000,1.618000,1.583000,1.604000,1.613000
7.8000,1.679667,1.633667,1.636667,1.650000,1.660000,1.647000,1.632000,1.598000,1.616000,1.595000
7.8100,1.661333,1.653333,1.635333,1.650000,1.674000,1.677000,1.639000,1.602000,1.624000,1.595000
7.8200,1.662333,1.654333,1.633333,1.650000,1.676000,1.667000,1.639000,1.603000,1.624000,1.595000
7.8300,1.679333,1.645333,1.625333,1.650000,1.682000,1.687000,1.646000,1.608000,1.609000,1.594000
7.8400,1.681667,1.641667,1.626667,1.650000,1.678000,1.698000,1.648000,1.609000,1.614000,1.596000
7.8500,1.677000,1.642000,1.631000,1.650000,1.682000,1.702000,1.651000,1.612000,1.629000,1.594000
7.8600,1.674000,1.642000,1.634000,1.650000,1.698000,1.699000,1.649000,1.614000,1.634000,1.596000
7.8700,1.663333,1.645333,1.641333,1.650000,1.701000,1.700000,1.651000,1.618000,1.639000,1.595000
7.8800,1.680667,1.640667,1.628667,1.650000,1.699000,1.704000,1.650000,1.620000,1.642000,1.595000
7.8900,1.690667,1.637667,1.621667,1.650000,1.701000,1.711000,1.650000,1.624000,1.645000,1.595000
7.9000,1.686000,1.643000,1.621000,1.650000,1.699000,1.710000,1.649000,1.625000,1.651000,1.595000
7.9100,1.690000,1.644000,1.616000,1.650000,1.701000,1.725000,1.655000,1.630000,1.643000,1.600000
7.9200,1.669333,1.654333,1.626333,1.650000,1.709000,1.746000,1.663000,1.638000,1.634000,1.608000
7.9300,1.651333,1.660333,1.638333,1.650000,1.721000,1.754000,1.668000,1.644000,1.643000,1.614000
7.9400,1.656333,1.654333,1.639333,1.650000,1.712000,1.775000,1.680000,1.651000,1.648000,1.621000
7.9500,1.649667,1.655667,1.644667,1.650000,1.709000,1.809000,1.690000,1.666000,1.668000,1.645000
7.9600,1.604667,1.674667,1.670667,1.650000,1.739000,1.856000,1.726000,1.704000,1.712000,1.668000
7.9700,1.608667,1.671667,1.669667,1.650000,1.745000,1.881000,1.755000,1.737000,1.748000,1.680000
7.9800,1.614667,1.663667,1.671667,1.650000,1.737000,1.896000,1.775000,1.769000,1.776000,1.719000
7.9900,1.559333,1.687333,1.703333,1.650000,1.735000,1.923000,1.825000,1.801000,1.811000,1.768000
8.0000,1.572333,1.675333,1.702333,1.650000,1.729000,1.909000,1.836000,1.826000,1.838000,1.795000
8.0100,1.565000,1.660000,1.725000,1.650000,1.723000,1.897000,1.837000,1.845000,1.863000,1.817000
8.0200,1.532667,1.682667,1.734667,1.650000,1.713000,1.887000,1.845000,1.839000,1.876000,1.836000
8.0300,1.564667,1.675667,1.709667,1.650000,1.705000,1.835000,1.812000,1.820000,1.847000,1.818000
8.0400,1.583667,1.669667,1.696667,1.650000,1.695000,1.781000,1.767000,1.768000,1.793000,1.771000
8.0500,1.612000,1.661000,1.677000,1.650000,1.687000,1.735000,1.726000,1.717000,1.738000,1.722000
8.0600,1.649333,1.630333,1.670333,1.650000,1.685000,1.704000,1.693000,1.685000,1.702000,1.680000
8.0700,1.645333,1.652333,1.652333,1.650000,1.685000,1.683000,1.673000,1.656000,1.682000,1.640000
8.0800,1.667333,1.643333,1.639333,1.650000,1.682000,1.667000,1.657000,1.646000,1.668000,1.591000
8.0900,1.687333,1.633333,1.629333,1.650000,1.679000,1.651000,1.643000,1.637000,1.656000,1.560000
8.1000,1.670333,1.651333,1.628333,1.650000,1.680000,1.635000,1.630000,1.628000,1.646000,1.554000
8.1100,1.682667,1.626667,1.640667,1.650000,1.676000,1.629000,1.615000,1.619000,1.626000,1.551000
8.1200,1.668333,1.642333,1.639333,1.650000,1.673000,1.626000,1.608000,1.621000,1.614000,1.555000
8.1300,1.670667,1.630667,1.648667,1.650000,1.671000,1.623000,1.605000,1.619000,1.616000,1.556000
8.1400,1.706667,1.604667,1.638667,1.650000,1.666000,1.617000,1.599000,1.611000,1.614000,1.554000
8.1500,1.700667,1.621667,1.627667,1.650000,1.668000,1.618000,1.603000,1.606000,1.617000,1.558000
8.1600,1.682333,1.642333,1.625333,1.650000,1.644000,1.601000,1.592000,1.576000,1.598000,1.541000
8.1700,1.660000,1.661000,1.629000,1.650000,1.626000,1.589000,1.585000,1.571000,1.586000,1.530000
8.1800,1.686333,1.636333,1.627333,1.650000,1.642000,1.606000,1.601000,1.591000,1.599000,1.540000
8.1900,1.689667,1.621667,1.638667,1.650000,1.648000,1.614000,1.609000,1.598000,1.603000,1.544000
8.2000,1.668000,1.630000,1.652000,1.650000,1.651000,1.623000,1.616000,1.610000,1.606000,1.553000
8.2100,1.695667,1.618667,1.635667,1.650000,1.654000,1.631000,1.622000,1.611000,1.605000,1.561000
8.2200,1.674667,1.624667,1.650667,1.650000,1.656000,1.639000,1.631000,1.625000,1.613000,1.569000
8.2300,1.659000,1.652000,1.639000,1.650000,1.661000,1.645000,1.631000,1.624000,1.618000,1.576000
8.2400,1.675000,1.644000,1.631000,1.650000,1.659000,1.645000,1.622000,1.614000,1.628000,1.580000
8.2500,1.672333,1.628333,1.649333,1.650000,1.655000,1.645000,1.637000,1.632000,1.643000,1.585000
8.2600,1.665667,1.639667,1.644667,1.650000,1.655000,1.645000,1.648000,1.626000,1.640000,1.587000
8.2700,1.663333,1.639333,1.647333,1.650000,1.653000,1.645000,1.645000,1.629000,1.637000,1.592000
8.2800,1.650000,1.664000,1.636000,1.650000,1.649000,1.645000,1.642000,1.639000,1.635000,1.595000
8.2900,1.648667,1.660667,1.640667,1.650000,1.651000,1.642000,1.638000,1.642000,1.631000,1.595000
8.3000,1.670333,1.647333,1.632333,1.650000,1.644000,1.637000,1.635000,1.653000,1.630000,1.595000
8.3100,1.668333,1.661333,1.620333,1.650000,1.644000,1.634000,1.639000,1.653000,1.634000,1.595000
8.3200,1.665667,1.646667,1.637667,1.650000,1.645000,1.630000,1.640000,1.647000,1.635000,1.595000
8.3300,1.654333,1.657333,1.638333,1.650000,1.646000,1.627000,1.641000,1.639000,1.635000,1.595000
8.3400,1.658000,1.662000,1.630000,1.650000,1.650000,1.623000,1.644000,1.632000,1.634000,1.595000
8.3500,1.668333,1.661333,1.620333,1.650000,1.650000,1.620000,1.646000,1.624000,1.636000,1.594000
8.3600,1.666333,1.656333,1.627333,1.650000,1.653000,1.617000,1.641000,1.617000,1.630000,1.586000
8.3700,1.670667,1.643667,1.635667,1.650000,1.655000,1.615000,1.634000,1.618000,1.619000,1.585000
8.3800,1.657333,1.667333,1.625333,1.650000,1.657000,1.611000,1.635000,1.621000,1.623000,1.585000
8.3900,1.655000,1.666000,1.629000,1.650000,1.642000,1.610000,1.636000,1.624000,1.627000,1.588000
8.4000,1.654000,1.664000,1.632000,1.650000,1.628000,1.614000,1.639000,1.626000,1.630000,1.590000
8.4100,1.654000,1.662000,1.634000,1.650000,1.630000,1.619000,1.640000,1.631000,1.636000,1.590000
8.4200,1.655000,1.659000,1.636000,1.650000,1.633000,1.624000,1.641000,1.628000,1.628000,1.593000
8.4300,1.654333,1.663333,1.632333,1.650000,1.634000,1.627000,1.646000,1.626000,1.619000,1.597000
8.4400,1.656667,1.653667,1.639667,1.650000,1.638000,1.634000,1.651000,1.632000,1.620000,1.600000
8.4500,1.645000,1.660000,1.645000,1.650000,1.658000,1.633000,1.654000,1.637000,1.619000,1.603000
8.4600,1.638000,1.656000,1.656000,1.650000,1.658000,1.622000,1.662000,1.643000,1.621000,1.608000
8.4700,1.653667,1.632667,1.663667,1.650000,1.644000,1.625000,1.652000,1.649000,1.618000,1.618000
8.4800,1.654667,1.624667,1.670667,1.650000,1.631000,1.653000,1.646000,1.653000,1.627000,1.653000
8.4900,1.630667,1.637667,1.681667,1.650000,1.633000,1.682000,1.684000,1.665000,1.646000,1.693000
8.5000,1.627333,1.638333,1.684333,1.650000,1.657000,1.678000,1.690000,1.669000,1.652000,1.727000
8.5100,1.608000,1.650000,1.692000,1.650000,1.649000,1.658000,1.662000,1.651000,1.664000,1.759000
8.5200,1.600000,1.667000,1.683000,1.650000,1.614000,1.674000,1.681000,1.669000,1.690000,1.792000
8.5300,1.603000,1.674000,1.673000,1.650000,1.609000,1.723000,1.720000,1.707000,1.703000,1.814000
8.5400,1.592667,1.685667,1.671667,1.650000,1.610000,1.712000,1.710000,1.708000,1.696000,1.821000
8.5500,1.634000,1.667000,1.649000,1.650000,1.610000,1.694000,1.682000,1.681000,1.682000,1.824000
8.5600,1.665333,1.661333,1.623333,1.650000,1.611000,1.676000,1.653000,1.640000,1.646000,1.787000
8.5700,1.648333,1.678333,1.623333,1.650000,1.609000,1.667000,1.640000,1.623000,1.620000,1.762000
8.5800,1.654333,1.677333,1.618333,1.650000,1.615000,1.665000,1.634000,1.610000,1.622000,1.749000
8.5900,1.673667,1.669667,1.606667,1.650000,1.618000,1.662000,1.626000,1.608000,1.614000,1.732000
8.6000,1.666333,1.668333,1.615333,1.650000,1.628000,1.672000,1.632000,1.612000,1.595000,1.723000
8.6100,1.670000,1.664000,1.616000,1.650000,1.629000,1.661000,1.640000,1.612000,1.594000,1.709000
8.6200,1.661000,1.667000,1.622000,1.650000,1.688000,1.802000,1.671000,1.626000,1.604000,1.704000
8.6300,1.578667,1.681667,1.689667,1.650000,1.744000,2.013000,1.941000,1.846000,1.766000,1.802000
8.6400,1.383000,1.823000,1.744000,1.650000,1.521000,1.966000,2.270000,2.249000,2.147000,2.091000
8.6500,1.351000,1.890000,1.709000,1.650000,1.120000,1.086000,1.758000,2.017000,2.180000,2.252000
8.6600,1.567667,1.727667,1.654667,1.650000,0.963000,0.323000,1.056000,1.442000,1.832000,2.122000
8.6700,1.650000,1.677000,1.623000,1.650000,1.126000,0.745000,1.144000,1.371000,1.662000,1.955000
8.6800,1.670333,1.662333,1.617333,1.650000,1.381000,1.268000,1.396000,1.471000,1.602000,1.825000
8.6900,1.693667,1.641667,1.614667,1.650000,1.567000,1.542000,1.558000,1.551000,1.565000,1.753000
8.7000,1.672000,1.663000,1.615000,1.650000,1.606000,1.665000,1.631000,1.595000,1.573000,1.740000
8.7100,1.673667,1.651667,1.624667,1.650000,1.624000,1.685000,1.623000,1.593000,1.572000,1.731000
8.7200,1.661667,1.669667,1.618667,1.650000,1.658000,1.736000,1.640000,1.616000,1.576000,1.728000
8.7300,1.658000,1.671000,1.621000,1.650000,1.659000,1.723000,1.639000,1.606000,1.578000,1.723000
8.7400,1.657333,1.670333,1.622333,1.650000,1.665000,1.734000,1.650000,1.604000,1.597000,1.719000
8.7500,1.650000,1.677000,1.623000,1.650000,1.668000,1.727000,1.651000,1.606000,1.605000,1.714000
8.7600,1.654667,1.666667,1.628667,1.650000,1.674000,1.731000,1.657000,1.609000,1.606000,1.711000
8.7700,1.671333,1.666333,1.612333,1.650000,1.677000,1.729000,1.661000,1.611000,1.610000,1.709000
8.7800,1.661333,1.676333,1.612333,1.650000,1.684000,1.735000,1.665000,1.611000,1.612000,1.710000
8.7900,1.661667,1.665667,1.622667,1.650000,1.683000,1.756000,1.670000,1.618000,1.615000,1.709000
8.8000,1.659667,1.668667,1.621667,1.650000,1.680000,1.757000,1.670000,1.624000,1.617000,1.711000
8.8100,1.649667,1.681667,1.618667,1.650000,1.680000,1.763000,1.671000,1.631000,1.624000,1.707000
8.8200,1.648333,1.678333,1.623333,1.650000,1.678000,1.765000,1.675000,1.638000,1.629000,1.704000
8.8300,1.637667,1.683667,1.628667,1.650000,1.675000,1.775000,1.676000,1.644000,1.633000,1.703000
8.8400,1.658000,1.670000,1.622000,1.650000,1.673000,1.783000,1.670000,1.631000,1.641000,1.696000
8.8500,1.647000,1.677000,1.626000,1.650000,1.696000,1.806000,1.682000,1.632000,1.644000,1.714000
8.8600,1.644667,1.676667,1.628667,1.650000,1.693000,1.841000,1.691000,1.650000,1.656000,1.720000
8.8700,1.629667,1.668667,1.651667,1.650000,1.716000,1.868000,1.722000,1.668000,1.684000,1.738000
8.8800,1.590333,1.686333,1.673333,1.650000,1.741000,1.903000,1.764000,1.714000,1.707000,1.775000
8.8900,1.582333,1.682333,1.685333,1.650000,1.715000,1.931000,1.789000,1.763000,1.747000,1.801000
8.9000,1.555333,1.696333,1.698333,1.650000,1.726000,1.945000,1.818000,1.784000,1.774000,1.831000
8.9100,1.531000,1.717000,1.702000,1.650000,1.729000,1.953000,1.839000,1.818000,1.809000,1.857000
8.9200,1.509000,1.713000,1.728000,1.650000,1.707000,1.929000,1.844000,1.842000,1.848000,1.886000
8.9300,1.527000,1.694000,1.729000,1.650000,1.695000,1.886000,1.839000,1.837000,1.836000,1.898000
8.9400,1.529667,1.698667,1.721667,1.650000,1.683000,1.845000,1.825000,1.826000,1.827000,1.883000
8.9500,1.538333,1.697333,1.714333,1.650000,1.673000,1.798000,1.785000,1.782000,1.798000,1.835000
8.9600,1.583333,1.676333,1.690333,1.650000,1.663000,1.748000,1.749000,1.739000,1.740000,1.788000
8.9700,1.610000,1.670000,1.670000,1.650000,1.656000,1.700000,1.720000,1.702000,1.697000,1.755000
8.9800,1.625000,1.669000,1.656000,1.650000,1.649000,1.674000,1.678000,1.658000,1.676000,1.719000
8.9900,1.613667,1.677667,1.658667,1.650000,1.641000,1.665000,1.660000,1.647000,1.666000,1.703000
9.0000,1.637333,1.671333,1.641333,1.650000,1.634000,1.652000,1.659000,1.633000,1.652000,1.699000
9.0100,1.655000,1.668000,1.627000,1.650000,1.629000,1.643000,1.655000,1.614000,1.636000,1.693000
9.0200,1.644667,1.667667,1.637667,1.650000,1.631000,1.633000,1.652000,1.615000,1.620000,1.687000
9.0300,1.640667,1.666667,1.642667,1.650000,1.629000,1.625000,1.650000,1.615000,1.614000,1.685000
9.0400,1.645333,1.661333,1.643333,1.650000,1.631000,1.615000,1.647000,1.614000,1.611000,1.685000
9.0500,1.668000,1.646000,1.636000,1.650000,1.629000,1.611000,1.639000,1.615000,1.606000,1.685000
9.0600,1.659333,1.656333,1.634333,1.650000,1.631000,1.610000,1.631000,1.618000,1.605000,1.685000
9.0700,1.655000,1.660000,1.635000,1.650000,1.633000,1.610000,1.621000,1.605000,1.605000,1.685000
9.0800,1.653667,1.659667,1.636667,1.650000,1.617000,1.612000,1.615000,1.598000,1.603000,1.685000
9.0900,1.644333,1.662333,1.643333,1.650000,1.615000,1.595000,1.599000,1.601000,1.603000,1.685000
9.1000,1.665000,1.651000,1.634000,1.650000,1.621000,1.594000,1.595000,1.603000,1.605000,1.685000
9.1100,1.674667,1.644667,1.630667,1.650000,1.622000,1.605000,1.604000,1.606000,1.605000,1.685000
9.1200,1.670333,1.635333,1.644333,1.650000,1.628000,1.611000,1.606000,1.605000,1.610000,1.685000
9.1300,1.667667,1.636667,1.645667,1.650000,1.630000,1.620000,1.612000,1.609000,1.610000,1.685000
9.1400,1.666000,1.649000,1.635000,1.650000,1.630000,1.624000,1.615000,1.612000,1.611000,1.685000
9.1500,1.640667,1.672667,1.636667,1.650000,1.630000,1.629000,1.621000,1.614000,1.617000,1.685000
9.1600,1.623000,1.684000,1.643000,1.650000,1.630000,1.631000,1.626000,1.618000,1.622000,1.685000
9.1700,1.628667,1.680667,1.640667,1.650000,1.630000,1.636000,1.631000,1.619000,1.628000,1.685000
9.1800,1.640000,1.675000,1.635000,1.650000,1.630000,1.639000,1.637000,1.623000,1.633000,1.686000
9.1900,1.640000,1.675000,1.635000,1.650000,1.628000,1.641000,1.643000,1.625000,1.641000,1.689000
9.2000,1.629000,1.682000,1.639000,1.650000,1.625000,1.636000,1.643000,1.625000,1.624000,1.685000
9.2100,1.651000,1.672000,1.627000,1.650000,1.625000,1.633000,1.639000,1.628000,1.603000,1.685000
9.2200,1.657667,1.665667,1.626667,1.650000,1.625000,1.638000,1.640000,1.632000,1.606000,1.684000
9.2300,1.657000,1.664000,1.629000,1.650000,1.622000,1.645000,1.640000,1.627000,1.605000,1.679000
9.2400,1.659667,1.673667,1.616667,1.650000,1.620000,1.650000,1.640000,1.611000,1.609000,1.680000
9.2500,1.642667,1.687667,1.619667,1.650000,1.616000,1.641000,1.638000,1.613000,1.611000,1.678000
9.2600,1.642000,1.686000,1.622000,1.650000,1.615000,1.629000,1.631000,1.620000,1.608000,1.673000
9.2700,1.658000,1.678000,1.614000,1.650000,1.620000,1.617000,1.634000,1.621000,1.605000,1.670000
9.2800,1.661000,1.678000,1.611000,1.650000,1.620000,1.612000,1.636000,1.629000,1.605000,1.667000
9.2900,1.658333,1.675333,1.616333,1.650000,1.621000,1.616000,1.634000,1.628000,1.605000,1.662000
9.3000,1.657000,1.676000,1.617000,1.650000,1.625000,1.615000,1.637000,1.623000,1.605000,1.660000
9.3100,1.645333,1.693333,1.611333,1.650000,1.625000,1.618000,1.625000,1.625000,1.605000,1.665000
9.3200,1.643333,1.693333,1.613333,1.650000,1.623000,1.621000,1.609000,1.626000,1.602000,1.665000
9.3300,1.645667,1.691667,1.612667,1.650000,1.619000,1.619000,1.610000,1.628000,1.599000,1.666000
9.3400,1.647333,1.692333,1.610333,1.650000,1.621000,1.615000,1.610000,1.633000,1.596000,1.670000
9.3500,1.644000,1.691000,1.615000,1.650000,1.620000,1.614000,1.610000,1.616000,1.593000,1.670000
9.3600,1.628667,1.698667,1.622667,1.650000,1.620000,1.616000,1.611000,1.603000,1.590000,1.668000
9.3700,1.646000,1.688000,1.616000,1.650000,1.625000,1.618000,1.607000,1.605000,1.591000,1.665000
9.3800,1.667000,1.676000,1.607000,1.650000,1.624000,1.622000,1.605000,1.607000,1.596000,1.662000
9.3900,1.657000,1.680000,1.613000,1.650000,1.627000,1.614000,1.605000,1.611000,1.599000,1.659000
9.4000,1.652000,1.680000,1.618000,1.650000,1.629000,1.606000,1.601000,1.610000,1.602000,1.655000
9.4100,1.646667,1.689667,1.613667,1.650000,1.632000,1.611000,1.600000,1.614000,1.607000,1.655000
9.4200,1.646000,1.695000,1.609000,1.650000,1.622000,1.618000,1.600000,1.621000,1.610000,1.660000
9.4300,1.639667,1.697667,1.612667,1.650000,1.616000,1.622000,1.612000,1.627000,1.614000,1.666000
9.4400,1.637000,1.696000,1.617000,1.650000,1.635000,1.628000,1.630000,1.634000,1.621000,1.672000
9.4500,1.621667,1.696667,1.631667,1.650000,1.635000,1.633000,1.643000,1.641000,1.627000,1.677000
9.4600,1.585000,1.711000,1.654000,1.650000,1.635000,1.636000,1.657000,1.646000,1.634000,1.681000
9.4700,1.586667,1.699667,1.663667,1.650000,1.635000,1.643000,1.671000,1.649000,1.641000,1.678000
9.4800,1.583667,1.719667,1.646667,1.650000,1.616000,1.643000,1.686000,1.656000,1.647000,1.695000
9.4900,1.561667,1.745667,1.642667,1.650000,1.609000,1.671000,1.692000,1.673000,1.668000,1.710000
9.5000,1.558333,1.733333,1.658333,1.650000,1.611000,1.665000,1.679000,1.681000,1.681000,1.703000
9.5100,1.575000,1.741000,1.634000,1.650000,1.609000,1.631000,1.668000,1.664000,1.677000,1.693000
9.5200,1.596667,1.728667,1.624667,1.650000,1.611000,1.621000,1.653000,1.636000,1.648000,1.667000
9.5300,1.612333,1.720333,1.617333,1.650000,1.609000,1.598000,1.630000,1.602000,1.603000,1.633000
9.5400,1.635667,1.714667,1.599667,1.650000,1.618000,1.601000,1.604000,1.584000,1.576000,1.614000
9.5500,1.642000,1.698000,1.610000,1.650000,1.623000,1.596000,1.599000,1.585000,1.573000,1.616000
9.5600,1.648667,1.695667,1.605667,1.650000,1.632000,1.619000,1.616000,1.586000,1.571000,1.621000
9.5700,1.664333,1.687333,1.598333,1.650000,1.640000,1.599000,1.615000,1.583000,1.564000,1.626000
9.5800,1.663333,1.691333,1.595333,1.650000,1.667000,1.670000,1.628000,1.589000,1.568000,1.610000
9.5900,1.610333,1.684333,1.655333,1.650000,1.746000,1.895000,1.801000,1.733000,1.663000,1.647000
9.6000,1.415667,1.811667,1.722667,1.650000,1.614000,1.991000,2.189000,2.125000,1.995000,1.888000
9.6100,1.277000,1.983000,1.690000,1.650000,1.220000,1.383000,1.982000,2.133000,2.163000,2.114000
9.6200,1.450000,1.873000,1.627000,1.650000,0.946000,0.370000,1.186000,1.565000,1.889000,2.052000
9.6300,1.618333,1.748333,1.583333,1.650000,1.029000,0.448000,1.046000,1.335000,1.663000,1.901000
9.6400,1.621667,1.735667,1.592667,1.650000,1.320000,1.106000,1.352000,1.461000,1.596000,1.774000
9.6500,1.644000,1.690000,1.616000,1.650000,1.547000,1.434000,1.531000,1.531000,1.571000,1.682000
9.6600,1.610000,1.721000,1.619000,1.650000,1.627000,1.610000,1.612000,1.583000,1.580000,1.670000
9.6700,1.615333,1.719333,1.615333,1.650000,1.647000,1.620000,1.617000,1.596000,1.579000,1.645000
9.6800,1.666000,1.687000,1.597000,1.650000,1.669000,1.639000,1.633000,1.596000,1.585000,1.625000
9.6900,1.646000,1.705000,1.599000,1.650000,1.676000,1.662000,1.631000,1.602000,1.588000,1.626000
9.7000,1.645000,1.701000,1.604000,1.650000,1.675000,1.673000,1.639000,1.608000,1.592000,1.623000
9.7100,1.626667,1.713667,1.609667,1.650000,1.673000,1.675000,1.646000,1.612000,1.596000,1.621000
9.7200,1.619667,1.718667,1.611667,1.650000,1.670000,1.677000,1.654000,1.618000,1.607000,1.619000
9.7300,1.631667,1.712667,1.605667,1.650000,1.670000,1.691000,1.648000,1.621000,1.588000,1.622000
9.7400,1.616667,1.723667,1.609667,1.650000,1.674000,1.689000,1.642000,1.626000,1.568000,1.625000
9.7500,1.641667,1.695667,1.612667,1.650000,1.686000,1.691000,1.658000,1.630000,1.578000,1.630000
9.7600,1.656667,1.683667,1.609667,1.650000,1.691000,1.685000,1.637000,1.618000,1.582000,1.632000
9.7700,1.655000,1.699000,1.596000,1.650000,1.689000,1.704000,1.634000,1.615000,1.589000,1.636000
9.7800,1.656333,1.690333,1.603333,1.650000,1.693000,1.721000,1.659000,1.624000,1.596000,1.641000
9.7900,1.635333,1.698333,1.616333,1.650000,1.709000,1.721000,1.665000,1.627000,1.602000,1.631000
9.8000,1.634333,1.702333,1.613333,1.650000,1.716000,1.744000,1.673000,1.637000,1.609000,1.633000
9.8100,1.631333,1.702333,1.616333,1.650000,1.721000,1.766000,1.679000,1.649000,1.621000,1.643000
9.8200,1.624000,1.705000,1.621000,1.650000,1.735000,1.791000,1.696000,1.660000,1.633000,1.649000
9.8300,1.602000,1.717000,1.631000,1.650000,1.733000,1.823000,1.715000,1.665000,1.654000,1.658000
9.8400,1.588333,1.719333,1.642333,1.650000,1.750000,1.850000,1.725000,1.693000,1.680000,1.675000
9.8500,1.579667,1.692667,1.677667,1.650000,1.766000,1.898000,1.774000,1.748000,1.715000,1.729000
9.8600,1.551333,1.705333,1.693333,1.650000,1.755000,1.924000,1.812000,1.780000,1.746000,1.758000
9.8700,1.534333,1.723333,1.692333,1.650000,1.749000,1.927000,1.819000,1.804000,1.778000,1.784000
9.8800,1.502333,1.730333,1.717333,1.650000,1.743000,1.926000,1.850000,1.842000,1.818000,1.829000
9.8900,1.506000,1.725000,1.719000,1.650000,1.729000,1.882000,1.830000,1.839000,1.822000,1.832000
9.9000,1.521000,1.719000,1.710000,1.650000,1.707000,1.828000,1.804000,1.823000,1.816000,1.826000
9.9100,1.534667,1.728667,1.686667,1.650000,1.696000,1.781000,1.789000,1.795000,1.788000,1.806000
9.9200,1.580667,1.695667,1.673667,1.650000,1.686000,1.734000,1.743000,1.730000,1.737000,1.762000
9.9300,1.591000,1.698000,1.661000,1.650000,1.689000,1.695000,1.716000,1.705000,1.687000,1.714000
9.9400,1.606667,1.713667,1.629667,1.650000,1.699000,1.665000,1.652000,1.650000,1.647000,1.686000
9.9500,1.605333,1.711333,1.633333,1.650000,1.662000,1.642000,1.675000,1.670000,1.625000,1.676000
9.9600,1.613000,1.703000,1.634000,1.650000,1.636000,1.641000,1.627000,1.623000,1.614000,1.642000
9.9700,1.627000,1.696000,1.627000,1.650000,1.649000,1.624000,1.650000,1.674000,1.609000,1.592000
9.9800,1.620000,1.706000,1.624000,1.650000,1.651000,1.649000,1.625000,1.892000,1.604000,1.552000
9.9900,1.653000,1.675000,1.622000,1.650000,1.649000,1.757000,1.501000,1.793000,1.615000,1.530000
